n_cluster,2,3,4,5,6,7,8,9,10,11,12,13,14,15,16,17,18,19,20,21,22,23,24,25,26,27,28,29,30,31,32,33,34,35,36,37,38,39,40,41,42,43,44,45,46,47,48,49,50,51,52,53,54,55,56,57,58,59,60,61,62,63,64,65,66,67,68,69,70,71,72,73,74,75,76,77,78,79,80,81,82,83,84,85,86,87,88,89,90,91,92,93,94,95,96,97,98,99,100,101
2,0.520012552169771,0.4574047234426157,0.43797131620361257,0.5022796963646565,0.5344817840844008,0.5108221624108608,0.4445013927087322,0.45623067183820076,0.43657197591027386,0.4536726953473474,0.4604334062883963,0.44059552918377065,0.44420719669937864,0.44037700020927945,0.4162928063215355,0.4561045128627298,0.4200797186738286,0.3988605876587414,0.46711317415956366,0.43391666037412485,0.44019134408182414,0.4554237305452761,0.4142940359407333,0.42243979162641415,0.4455687857417143,0.48293496520894125,0.44277670139699704,0.4455096356158679,0.4403280096925734,0.4583662481457678,0.45064677891262916,0.4358443051492649,0.43906702540997256,0.4382595619473821,0.4289369214549919,0.43916515036579856,0.4319080901094102,0.4253534464418297,0.4414508046557387,0.43401969289209724,0.4275093043694193,0.4202922370140067,0.41980976514717966,0.41254541318296084,0.43548642979866253,0.4311633406020091,0.4097753591368521,0.4365783818318867,0.4296866484071463,0.4121922256593287,0.4136429458372634,0.42095015922148094,0.4273085821326974,0.41509745245010954,0.4137442336346174,0.4065516238473559,0.4046601970010045,0.4206864355136232,0.3959111011604613,0.4056588294818375,0.3852052940216864,0.3979290181661794,0.4111953218571596,0.41313142630234007,0.37908647531189754,0.37381016459911515,0.35699874062949577,0.3847094169454111,0.373668194373538,0.363648055990795,0.34854309859187266,0.3555473340179732,0.3636255440624604,0.34975907252880906,0.35532638506739156,0.3556423994321225,0.34866793165290094,0.33109932265467096,0.32109328760467015,0.3353432954508715,0.33998930377240616,0.3311047929085575,0.33542922588631247,0.338449415162372,0.330525236306174,0.3322411765496254,0.33476140776374436,0.3315684527261732,0.320461500492609,0.3293855962331324,0.3382914811777447,0.329655662230865,0.3391213079979767,0.3257991964699884,0.3153532354125533,0.3320058288612496,0.31003449229542335,0.3396833601572813,0.3244132192459851,0.2973077832866509
3,0.9067902407823173,0.7473941227981039,0.568271706753701,0.6702844329641137,0.6189698085120485,0.5936566749887585,0.5608058681422532,0.5555205032866039,0.5880327028599963,0.5662252260726199,0.561749455111627,0.5514683071168976,0.5785617086702702,0.5891218726332604,0.6160380788213358,0.601480479293744,0.6091438230616599,0.58999442360955,0.5886146566693489,0.5764945272738673,0.5386746806916283,0.569012794626577,0.5647597232086423,0.5430823414118742,0.5237788862127423,0.5280427738563286,0.5309961987373752,0.50047817638679,0.508256803855901,0.5136348568908952,0.4969482687904166,0.5057439481071888,0.542852168347348,0.5180449790442416,0.5188085287443827,0.5086661762802228,0.4966385622223865,0.5258583163183785,0.4957972523346377,0.537754936027429,0.562504473350244,0.508385847538852,0.47683003314045197,0.5092038104040679,0.5192498612319391,0.503031267445177,0.5199512816462818,0.5198834403631893,0.511083970063214,0.5067336004388413,0.48582356829173595,0.5178861781510411,0.5222197408572637,0.5096654903955152,0.5352885276455778,0.4622374441575634,0.49958980087802485,0.49219875688461673,0.5101522753926659,0.5145426238687424,0.4826993456439156,0.5184806055090315,0.5011547480462225,0.4847470233045358,0.5005059924287373,0.5302756172270984,0.456107936784129,0.49555336877999384,0.5130123485160833,0.47809506822279285,0.4930382876012399,0.47548862594102687,0.4833525264221735,0.5155518713204537,0.4729880468973802,0.46159980806201667,0.48572987660420647,0.45882612420775376,0.47962762494745065,0.4628462749767873,0.4824436939522395,0.4634886885586098,0.43577124222933866,0.4436574604859234,0.47633132677631296,0.4302521903247736,0.4458347027512511,0.441073197891637,0.4427591380113708,0.4467504243734846,0.4424400303637866,0.4411796361292447,0.4248740254416909,0.43045729513238284,0.4151192716155805,0.40922822822867244,0.40062588672055316,0.4151359591176536,0.4333010522199974,0.39126495151209456
4,1.2865317381604895,0.9339182374124017,0.62541203886303,0.5780172180090398,0.5540243613867334,0.5855402565534688,0.6895419917444747,0.6802895421981473,0.6659051019349349,0.6324037563688466,0.6516734069159605,0.5849226929222491,0.5768089726894894,0.5237308944479425,0.5336045994393535,0.5478644215784166,0.5762445502539608,0.5678036412947837,0.5805338941529801,0.5808138948396669,0.5440758499023715,0.5262370217150592,0.5604573307969779,0.5165609165887084,0.5421070378826798,0.5089380585320853,0.5051707002972547,0.5226710450999934,0.5225081137768014,0.4978819312189498,0.4861697610336301,0.5155725285483154,0.5147617943232101,0.5704333183879593,0.5485468766199267,0.5211042545430006,0.5064325166910877,0.5341671449012475,0.5274514390896098,0.5286703184216786,0.5095316430508067,0.5024689012213017,0.4869880657847311,0.4948044560048088,0.5091112610048697,0.5100614220519047,0.529469143563423,0.5103381047734539,0.48400551484436344,0.4722052319575267,0.4863514590218489,0.4969124241076018,0.5000771041490237,0.4674545097370131,0.48812958229438985,0.5009952108788152,0.4809965215858956,0.4882659934987524,0.48670538425545884,0.4897949741996134,0.4610839096500148,0.4437622292779706,0.467985957578525,0.4726962035350405,0.48784950106354996,0.44941925162888136,0.4410827001718682,0.4813039179835777,0.4755567515981438,0.4634449671242563,0.46289394805496836,0.44197062855433855,0.5012422988457432,0.44234069218916244,0.44227579443458104,0.4459433217186952,0.44536093880175426,0.4398245502040352,0.4593774382526101,0.4395548529294895,0.44840090166954477,0.4603207053458746,0.4452370613575962,0.40641473686635327,0.4239336555828046,0.4207784445120477,0.4205849003789638,0.4302095466449744,0.42961186941824053,0.4090479033063308,0.3956212251957088,0.4119417692048121,0.4157421551100349,0.41022416674672707,0.4140491634121135,0.3877342038859172,0.4200892665417535,0.4164817236216826,0.3882065996205094,0.39276407235256383
5,0.8786558143763752,1.1001534666118375,0.7768548498427528,0.6183493614911658,0.6327714345255399,0.613448379099756,0.6107815494588216,0.588191206116995,0.6039136329059358,0.5750558157711478,0.6305058609725271,0.6074554833146023,0.589322177457937,0.5799473657870847,0.5819672647967822,0.5928974461681995,0.5151090266020127,0.5460576482051785,0.5829016037905018,0.5910951586938483,0.5375223073983769,0.5840647643247059,0.5354581218555045,0.539174719995445,0.5257907928074734,0.521883535404471,0.5156111152729822,0.4954918506628185,0.5285183836371645,0.49375394488257307,0.4834790665167419,0.5355217226317213,0.5148492099572667,0.5070218806222239,0.49129430961045206,0.5207176921177794,0.5038616613294642,0.516432285345218,0.5437292486437377,0.5191578038220945,0.5205225091688123,0.5625016202062685,0.5278984441872934,0.5214411372448162,0.5412724523876933,0.532685522711988,0.5576637618874498,0.5021911895004267,0.5422796152396866,0.5137049796355971,0.5358077622804824,0.4940768595648762,0.5073597519615687,0.4933669685464102,0.46129698696140187,0.4986519257721528,0.4717454923934687,0.4882833069639536,0.5248436154160808,0.4997541926327302,0.4839745325651753,0.4880502998588262,0.47537772637235165,0.4577823318453399,0.4988786145514116,0.49732804338421405,0.4522120871472722,0.4344255528408043,0.47260664304368993,0.49585287424426533,0.47017422804081804,0.44961187884784437,0.45085409872263565,0.4495585085818685,0.4598493497943512,0.43320889519522254,0.45719364123850664,0.4389015700695177,0.41804432852285256,0.450285089447913,0.438520304893419,0.4604287027664194,0.4259471158399594,0.4361197214501108,0.43642581754090143,0.4383269735494212,0.4233184985221314,0.46116084546128666,0.4462218931976124,0.43472369428650554,0.4378364666847143,0.39882327686982777,0.4319884340375486,0.40591944722624895,0.4082866542979411,0.42715440764081886,0.43057754610327853,0.3919389636864482,0.41719116198610307,0.4275946579959595
6,1.014637273641597,1.3413769911273912,1.1049066430140768,0.77513737935641,0.63405007022358,0.5701820804108145,0.5464024454738046,0.5571185061324906,0.5407991171474745,0.48801713691498705,0.5447255587098896,0.5555132436204311,0.5688723720245263,0.5049194439422174,0.5270185496308027,0.6148953410711465,0.5687602183487138,0.564079897877536,0.6012844485812485,0.5513060093104751,0.5276501582893157,0.5457222838351008,0.5528262048901315,0.4954450898121771,0.5185460252084547,0.4953328002889566,0.5022129217700738,0.5074964979367979,0.4847829807198574,0.5188416172643916,0.5352745135851736,0.5147018645826982,0.5437218441504422,0.5273145675829574,0.5721463062731891,0.5440048836694596,0.5565713352268924,0.547650783147646,0.5642797832635913,0.5659182739009554,0.5308318200206475,0.5443013083697615,0.5245046681777631,0.5042778214209337,0.492275453526386,0.5415523529086025,0.5485497968550369,0.5191958607052902,0.5360375188196985,0.5559309536319078,0.5012834894839799,0.4895428217236728,0.5573249281632959,0.5353928825633951,0.5340297535898608,0.5065110866666255,0.5032388256800305,0.4961463594212509,0.48185445350621237,0.4864459857553233,0.4936810181184438,0.4706538808304436,0.4844596363756498,0.47874222121801513,0.4745207959887075,0.45562524760189876,0.4809807568355205,0.44932728539682115,0.4682639157264468,0.4401486095089749,0.4362486733757943,0.42900890527886115,0.43102204974666297,0.4472178400032276,0.4258200590213239,0.40676050792158824,0.40525540731160453,0.4183596473403207,0.4282884647971376,0.4372780516011702,0.4319022855382716,0.42475526544317715,0.4231086813025591,0.4297338786773512,0.4338029821369959,0.43418522925721154,0.39366603926557303,0.3930905875368537,0.43622880086449733,0.3920246797664536,0.41010557197247766,0.4130818047245569,0.42537510906897325,0.4153045131386496,0.39528740848375876,0.39021207900186633,0.3975090346091262,0.3728677129973548,0.40645417881334467,0.39224082578528174
7,1.1244099128949485,1.0535506049048593,1.2485166533418688,0.8602934781069156,0.7390590809801779,0.5949350106225673,0.5468686920813838,0.4899758035044296,0.4662122957933047,0.4229459037496692,0.4268366657091,0.4951641049139361,0.5330956820171918,0.5355907053872966,0.5650801712302493,0.6039528680768921,0.5858127329518719,0.5521767949147522,0.6369050167385379,0.55784313074359,0.5363937970680145,0.5362443217126833,0.566034593380355,0.560576419939772,0.5957500186450723,0.5687317309891713,0.5217061533546393,0.5374637986849087,0.5233177123481175,0.5666174786633885,0.5198057766499458,0.5624054235067367,0.5188197762405532,0.5149796694332603,0.5233010414460254,0.5027749985038802,0.5483023135456024,0.5221613409948572,0.5224628078358492,0.532246676095608,0.5287554157197052,0.5148482889026611,0.5447251813582086,0.5174944486822887,0.554187997256708,0.5964312965427303,0.5326295317648261,0.5404869210055374,0.5327856624882625,0.5180823920939409,0.5308124779931214,0.5388235495668573,0.5391689316968539,0.5128883135651251,0.48953076488744124,0.5372467856158293,0.4794814656501006,0.5239958507676529,0.5200140931626996,0.4830361310135724,0.5064353602147055,0.5084272200677123,0.4903351216001939,0.46586585828348726,0.45551472657584974,0.49917292580695577,0.4937804180229181,0.4644601388396338,0.44384422280393565,0.4577070573850526,0.47715377226860656,0.48382233127765295,0.4454759436862674,0.47454637276943146,0.4627559582523319,0.43686765629911506,0.43105979180902654,0.451909947915017,0.46688177622271737,0.4373161083712187,0.4067419561392359,0.4594528578636977,0.4323821904601984,0.42633924131978623,0.4127586162711376,0.425110652143085,0.4233411999971279,0.4649853107401334,0.429485095041655,0.3988235773101971,0.4167152251479135,0.42470909272249074,0.4151908279637655,0.42920508217577763,0.37341149103136867,0.3915325834053726,0.39773344143117223,0.3984109073723195,0.3911959945245407,0.3770756241562055
8,1.2184656588454694,1.7271898759918578,1.3297100774978625,1.166024237314583,0.8932569517061034,0.7383863151593848,0.6537984084483845,0.5257115366585923,0.47303351676588373,0.4890331345660836,0.473782255282758,0.4704850369867798,0.5181110714302581,0.5166719920492937,0.5201019867811868,0.5282155949622086,0.49028662988507804,0.5368537153312889,0.5614509847892915,0.5286459430840025,0.5509107325000026,0.5151860902488016,0.5173090004960784,0.540993553217787,0.5398946692197091,0.5527639658518289,0.5621227217201734,0.5129703846751017,0.5013722511541698,0.5451107983509604,0.5196659927517391,0.562178831540946,0.4927363132123908,0.511072460307729,0.4969690157859744,0.5070801413471802,0.5154370020845244,0.4876207331739603,0.5094792762079319,0.5197625266433463,0.4988960368366423,0.5192461081614009,0.4929264021058353,0.569387428126946,0.5242062507425701,0.5337103513198962,0.5134568561213846,0.5414242987688636,0.5047330968115267,0.4970659820952342,0.5151774308795407,0.5086754043495426,0.5000905574583548,0.5032167940467285,0.5159347607227499,0.48854084548453497,0.5178535192478162,0.4680803272861188,0.48812927004073725,0.48906704708495663,0.5094020285927907,0.5170481260282879,0.5241648858755066,0.4955308492061469,0.47367753507595367,0.4575483005467966,0.4866460555743803,0.4855436211296697,0.47230551256014947,0.4520414659480568,0.46708585849473594,0.45671117217714846,0.4546019331198935,0.4617884793397545,0.45053307703803663,0.4689657579427672,0.48545256793939257,0.4871200179058045,0.4358421037809917,0.43350110774810613,0.45901294873886084,0.44125658907439075,0.4337869127005841,0.4281401566977354,0.4439019950670451,0.46865115775216215,0.4275329753383954,0.4236103337670094,0.4386608290805133,0.4664766650106781,0.42729666197108723,0.3985925970929732,0.4180969197341721,0.42210381941240005,0.42918063926881184,0.4022861671123239,0.4138796911742385,0.37749536650249693,0.4119516201314519,0.4188776963015367
9,1.78850021478576,1.5490897663163041,1.4705999601568855,1.2595575601170457,1.007022590162445,0.972212690989914,0.7416289498816426,0.6269121604069042,0.5257404328793311,0.4912126959077444,0.525379797451052,0.49296778733525043,0.49999021622114703,0.4716304299730929,0.4604301805191728,0.4745932714550647,0.49904359254443253,0.5095668509208209,0.5001173580077574,0.47212989319548,0.5043572244285753,0.5463422032214932,0.497380941239312,0.4996382913058111,0.4250358065869935,0.497153991579249,0.4686237450838836,0.4896196306340568,0.4866192997678235,0.4834836581796478,0.5038740914084522,0.5143755660078234,0.508396217756137,0.5350449587482231,0.5010316424541033,0.5037523437384016,0.526384342534506,0.49123261356685477,0.5011627540989285,0.5341170090858397,0.5160018983466306,0.5072600250108971,0.5122547504964441,0.5130932778920309,0.4901785017981261,0.5516441965071225,0.5124364150484231,0.49266562197692193,0.49716716131010413,0.5101962011518313,0.49696660463001013,0.5154620543489175,0.5005804605482334,0.5107089125259543,0.4858027442728101,0.5004293393787185,0.5033949088360081,0.5113515151515683,0.46935152878181374,0.45613439039573345,0.47244238466684374,0.4574059809834285,0.484655782578994,0.48439466496252215,0.45160644770283564,0.46901615589941004,0.4633726691216107,0.45839406771825875,0.4744422542447457,0.4698819473113683,0.4443104964582439,0.4435448788674336,0.44013107014728803,0.45038391851025533,0.48167795208170305,0.4700452065403426,0.4960623521785885,0.4872887100456705,0.4368432043547523,0.4564727806715612,0.4435487787294026,0.4254766890030121,0.4421571441325925,0.41848925129360964,0.44348268850646666,0.4428500460051552,0.43046452721074274,0.4169326963239961,0.43327577751416213,0.4521282526408572,0.42238350940222186,0.42043192786059186,0.41081267234727026,0.40188755922063,0.4111331396385535,0.4055129273640765,0.4025803972293117,0.4247754158125637,0.42814848926430327,0.4017146327188185
10,0.9815864933650535,2.0684444548368397,1.5089439399220161,1.337374623849302,1.1436733234573013,0.952910634963943,0.8021467527501489,0.7251726284277438,0.6155197495096953,0.5510772785020785,0.49554476527569097,0.4685166869915384,0.495270108289208,0.5049404058314524,0.4974119830577338,0.5074110894615647,0.47355802269527136,0.42291173227914536,0.480786638921675,0.46757302897178205,0.4758267539682804,0.5026508672485618,0.5117782171467128,0.5116343877104262,0.5252455601060212,0.5435835938382549,0.5075586054719773,0.544945288331244,0.5062064639290906,0.5497764582135172,0.5281942165649647,0.5285112280489127,0.509836921569401,0.5270382208415052,0.5234706204876488,0.5143583105457837,0.5308315291320538,0.525009225732426,0.4916747058024825,0.5182308815396248,0.523250126909684,0.5162954143687861,0.501405785906309,0.5091536587746216,0.48988399547836353,0.48235008345130603,0.5347124221485992,0.5337927229419478,0.4707398980763953,0.5086706924460873,0.5017068231333917,0.513643529990162,0.5088906293612886,0.5554803670553394,0.46704967274891346,0.49834256085790707,0.5202461110334972,0.4604898184784631,0.4717256772923854,0.5067723389387592,0.5536183261313934,0.4810540244624559,0.4762722039250937,0.5127096959862194,0.4940689119372989,0.45410539957353363,0.489686424593288,0.49103408088166783,0.5284725263520105,0.4891601056006585,0.49439002118572284,0.45533889681811374,0.4323990708015293,0.4740423261463257,0.43321441373192704,0.5065158611803253,0.47347196295490607,0.4620776785212218,0.4697754172408457,0.4443886268063215,0.44725757964187207,0.44675479000909873,0.4538364138211428,0.45784079700255725,0.44927297711113345,0.48080151434343577,0.4857306940385025,0.4266766572954983,0.42262601401742167,0.4518081684507981,0.4151446435708143,0.43514431477942794,0.43389782779820113,0.43378574460022223,0.4054441520221712,0.4215682809615587,0.4202845153277948,0.3773249386109011,0.4329593258829734,0.3964899172025227
11,0.5151143786368665,2.0913245995689027,1.1217209784725757,1.53914572059205,1.1942190847750263,1.0838726170510051,1.0325252216932073,0.7748815747816761,0.6477855465759772,0.564884503327037,0.5166688045722517,0.46825797274112085,0.4987058138550908,0.4780482823208257,0.6195345164610804,0.5606938904570034,0.5347679941522673,0.4718693206328298,0.4882358720399834,0.5152272584424695,0.5650080610132445,0.5044976619750862,0.5550473033448085,0.5334303928108676,0.560273958404098,0.546575032351723,0.5480006132769142,0.5367384596176952,0.5198214222290815,0.5114780409463042,0.5530340857582555,0.5095233294261525,0.4987506903658238,0.5254261486333147,0.5169830830545739,0.5273690654783582,0.5370787049028392,0.5160205417502597,0.5059445444133287,0.5192888167618867,0.5253374709818748,0.5084856436258491,0.496944475763373,0.5290974749835963,0.5105341147451347,0.502908945105108,0.49134698189018894,0.5062281176922488,0.47763472690302267,0.5066207378963768,0.4962502302739325,0.5390778169100313,0.5061264782195589,0.5055450351417577,0.49880824408141183,0.5099694343280627,0.4915621288462041,0.4971346777962735,0.506740493535458,0.4872493694232563,0.4831176617740215,0.49751134116025825,0.48820159854854306,0.4859549289747593,0.49110448149030567,0.513714492330724,0.4561683550337664,0.4901083907256257,0.4946203658558666,0.5034007565129498,0.46672296809935815,0.47838166009496075,0.4698859272616773,0.4556472585691301,0.47522615103985827,0.4533070837720824,0.4695882194648217,0.44360900670097375,0.45666638990511466,0.473060693210525,0.4696648353220745,0.4737334797205069,0.47152848996065866,0.48125802814067775,0.46740823289274724,0.4518366203195364,0.41889230097588964,0.4506031982644814,0.45390010049821516,0.4267781926256316,0.43134967490440823,0.4356442018178365,0.42869983530933387,0.42453362011386886,0.45011428389532204,0.41830599496187587,0.4165068019077813,0.4165076614890654,0.4162866240672662,0.41607465599401
12,1.697989661324116,2.252437324770279,1.8184809288298278,1.560812967132594,1.3884118442450213,1.234432630017015,1.0401062760345234,0.8940127035459339,0.7713782150062813,0.6980396020931057,0.5672499154704825,0.5462871907180327,0.560771239791625,0.48060982182855244,0.46348339121446136,0.45836265578772184,0.47753362971833785,0.5358070702315527,0.5427594830376354,0.48181390941622954,0.5153704181108245,0.5193666268535466,0.5347488574072011,0.5404914238891527,0.5248937998289717,0.5506311983338485,0.5512799651756819,0.5688529532184665,0.5107456838762103,0.4977382379046,0.5068166119874308,0.518538955728501,0.5296097961406057,0.5683745484788458,0.546428616283031,0.5413210833496489,0.52286640896478,0.5682259577513603,0.5323973558410586,0.51870508415266,0.49878609909514615,0.49359097844247424,0.521262246765411,0.4990077803429148,0.5399786605296489,0.5237678730116868,0.514398600184886,0.5228246904535516,0.5095607192649788,0.5562587948034695,0.51107122419261,0.5170978757093311,0.5327299062854761,0.5173413513515227,0.5036965333954339,0.5185867876742518,0.5050160350835009,0.49241066019187313,0.508364838118689,0.4965417848509989,0.5234329311754956,0.501951836412672,0.5054954356665669,0.4980042086700089,0.5149028462341453,0.5216026858095806,0.49973412017089686,0.5453693998238528,0.5171025975119251,0.47252985100306216,0.4892969685945458,0.47292698096619473,0.4798740750521336,0.48224663020388175,0.4525638471030637,0.5060522874293628,0.4992337823090409,0.4691368052532519,0.5245974042985322,0.472669831364206,0.46388378868308483,0.46099277279871476,0.45969914756524916,0.48669794440777775,0.4674927163561461,0.4505627396224006,0.46858855430520774,0.454462712679854,0.44835338329515906,0.4383193964402616,0.439122916814859,0.41955346452737746,0.4628396971637851,0.42939081693028025,0.4309656174798075,0.43541379017397513,0.4290325865728966,0.40212475092387157,0.41533520179545663,0.41928711551765774
13,1.1330952753042591,1.8860855199408106,1.925744322256897,1.6842018273413006,1.4686687347637957,1.241813693378844,1.1814354362962864,1.0202264005481916,1.0006546658106796,0.7831464040936834,0.6545639523247366,0.6207599583366806,0.5819190951373331,0.4711614395768861,0.4729256575393672,0.4756410876777945,0.5065716199289155,0.525071116485273,0.4964655391111763,0.5123178819295644,0.5223747500834832,0.5535124930646441,0.5060656285939932,0.5369970939808346,0.5201942011297842,0.5240205064811604,0.551993811995267,0.5232127770779313,0.5626912893868283,0.526005523000328,0.5229934504644651,0.5964811570099161,0.4892619970848915,0.5375264333797232,0.5256850171658463,0.5573704370180034,0.5635099473180012,0.518066612932919,0.5384646780639926,0.5127364582807613,0.5123660843180512,0.5670525607150061,0.5465168496075116,0.5099511364940418,0.5513189477250052,0.49986727998189157,0.5386177212662279,0.5174059694389253,0.5155279186741765,0.5019192122693448,0.5078875265268201,0.5083482879378576,0.5257995028983372,0.5310510009448217,0.49052797563218625,0.5190509202669746,0.5309561541183724,0.5591918712370487,0.5214358713796384,0.4865324348722533,0.5065806368369541,0.5030982579428878,0.5287728057685895,0.4959514585100952,0.48868070667964203,0.49304620778441605,0.5195114171746037,0.4810343602022683,0.5065239527386639,0.49464991096677136,0.48531948231890787,0.47082634972647475,0.4754663198364085,0.44460058329515506,0.45628400472916325,0.47062655714959944,0.4438772421346414,0.46244284660139945,0.4468858942324571,0.4482334463140772,0.4755933854937155,0.4316598469902846,0.4442611048933164,0.46102132299336934,0.45846159064060543,0.4421971313942383,0.45461013176036924,0.42914624706724475,0.46453807791846913,0.4303909471212612,0.44545877694596153,0.4075011341830944,0.4402042879460183,0.43194824531307174,0.40172330242551385,0.4028284103729478,0.4044713034247312,0.40260075307378596,0.41446753660087315,0.41873183105399986
14,0.5828137592463499,2.012582168065404,1.9756763917757911,1.9029649033289644,1.618603573002061,1.4069518590875703,1.2700744532697903,1.0420034897359942,0.9365559343739227,0.835610859073813,0.7628569168161228,0.7222634639357808,0.7071609255953238,0.5458716586498578,0.5224057507183291,0.5477894107660977,0.5093124525234709,0.48799077576747907,0.5630151280673819,0.5044894101781271,0.5103079543419284,0.5242346625527532,0.5795956664390958,0.5477687465906107,0.4985363793462848,0.5112222214387545,0.5096583939089814,0.5095526448842989,0.5210886008702149,0.5041800577213895,0.5215600205785793,0.5190496898566863,0.5172115677024409,0.5389464818840369,0.5078226424675654,0.4826036839935989,0.5097642880638554,0.5226687387401787,0.54119364458066,0.5029469451629276,0.5360711369287968,0.5325373556159079,0.4800093629251329,0.551898227436929,0.5525174222765344,0.5356468880199392,0.5504122824613445,0.5291031361697621,0.5316725591733809,0.5391381548107764,0.521225144499926,0.5514216883608293,0.5071606446040161,0.5367280033569074,0.5225711333655931,0.5200220827340681,0.5086511221352746,0.5211091569300497,0.502126270041693,0.5001456566255219,0.4976829816567257,0.541394893896049,0.4833747593134523,0.4816134455899157,0.46455296722619854,0.48168263815608214,0.49669994848252513,0.4757233462467565,0.4962179808740707,0.5155598186234004,0.4887093931232119,0.4920558473292276,0.4768217981408784,0.4851088645781779,0.47029749833568724,0.4737330206247191,0.4888241669488472,0.4432511369109876,0.4688835581382452,0.42147215124114734,0.4409162604687712,0.4465512430797504,0.4701821170042651,0.4231132755027983,0.4419390779727548,0.4617066641629507,0.42528538933704935,0.4338890786480445,0.416317222533105,0.4358794400985914,0.41386263605447915,0.4212819507819234,0.41747129588166904,0.40624366065309425,0.4233381211758965,0.419830630736628,0.4307055240028452,0.42107128135769434,0.3957202239995346,0.4009105827585101
15,0.6046826918999344,2.2751553853186217,1.8452302870676318,1.9479626931602805,1.6799674229718018,1.4489011300640502,1.342490949172672,1.1647602008457245,1.1272877446298835,0.9662298137229924,0.8860037987419328,0.8107352441948927,0.7775497268112789,0.5504015080507292,0.5442430860458236,0.5421106389902571,0.5371764999727552,0.5438842086670482,0.5164716996632871,0.5203224772760174,0.5149983286623182,0.5674973008334355,0.47190715085503054,0.5352002958458545,0.5308568927624414,0.5006000442701907,0.5432207941626263,0.4591808072600799,0.488212191402397,0.4893352508853418,0.5253849882400089,0.5235821357714624,0.4878588162694174,0.5054925302445733,0.48006864133704624,0.5185185932278943,0.49541918984044725,0.534458861134251,0.5039553345305097,0.533838662289021,0.5478290826347478,0.5156337091108059,0.5469231397985637,0.5041937290220422,0.5305862513192902,0.5239421506508977,0.5381652633656689,0.5417681266654155,0.5297647732608393,0.5278759970137723,0.5282231783496898,0.5513985755571288,0.5625214787104824,0.5204151829115843,0.5113745090479175,0.5199224602573651,0.4895115791059531,0.5006463207846628,0.4932087920862269,0.4921630785585505,0.47764882968591893,0.5171840944801457,0.5044978852512754,0.511686240627775,0.49619579262987246,0.4948413242911283,0.4619913235358655,0.45332078355137123,0.4540960182482759,0.4425443093525017,0.4748013349810566,0.4551245537583231,0.49275049801837073,0.481807119770295,0.48804485488591215,0.48311440695894287,0.4665685321436021,0.48414162847891995,0.465498963885474,0.446850483524695,0.49809999146464734,0.4598197111492025,0.45207901117058097,0.4607859823055572,0.42376764730400224,0.4133316610481951,0.45970506723182003,0.39980482116206434,0.4343018037261801,0.4338027660182333,0.4462832107848007,0.4011023420821337,0.4319014186822175,0.4070497872684973,0.4282083268269501,0.4276519166185736,0.3670828686352183,0.4212049776613918,0.4197300122927291,0.39671153434874723
16,0.6264105380977469,1.9494811247327926,2.2410819046045845,1.716752785666238,1.8446749756689054,1.6286095895777672,1.4380883342785298,1.3893152385523453,1.0887295028828665,1.0367875518521106,0.9128686698274865,0.8890480009887068,0.8332133158190835,0.6308742582457838,0.5906145048028381,0.5875236634123764,0.550596321135266,0.5545339921793017,0.5535768186437738,0.5245699386621713,0.5360025124463473,0.5252329163108473,0.5484072279226668,0.5084584546794438,0.44031670505002496,0.458000868352902,0.4403993318991059,0.44559210428914364,0.46951159667626585,0.49458841457585273,0.4670070995419917,0.5040435438433288,0.48034742414642767,0.5247639968346445,0.5087464136184959,0.47536587034566014,0.5161082265827321,0.5045513297878467,0.5430212609790023,0.5143060769494547,0.4964337167114256,0.523471024020762,0.514371824939243,0.5162479072539087,0.4845197673480751,0.5240479135954025,0.52244899755929,0.5249078302950263,0.5204065790538865,0.5502875675548605,0.5006884707755878,0.517681405074296,0.5314840811982612,0.4984568572547523,0.5456187620973149,0.5698838429708295,0.5181092066300368,0.48522724772069853,0.49610400027138307,0.5008982402780447,0.4650066117666236,0.49011337271906513,0.47124279773340233,0.4981147150716718,0.5187012650017736,0.5017109580704141,0.5078869033147609,0.47234394216194453,0.4683564962080977,0.4854513333405197,0.4686264643660172,0.4922591741992835,0.45202442477382426,0.49165798906988933,0.4787431070554965,0.4697220998286089,0.44266473926026706,0.4536104897333633,0.47654750107412636,0.46580916209841317,0.4429377277629818,0.43437315846030056,0.43043496323763736,0.4624508068318266,0.4392168096524473,0.44871651792352474,0.4375674104851137,0.4166797425756744,0.4294101536608039,0.4365744157142653,0.4317367076311193,0.421093198214848,0.4237105435396873,0.43436139444621585,0.42701461404767277,0.4089798534246319,0.42332222094807487,0.3982620254492145,0.41577088752466373,0.4012515609482456
17,0.6462576665168405,1.7343677659832408,1.615228082763491,1.4169720232816272,1.444137352449251,1.5190088918642817,1.5647095052644437,1.3415047746068618,1.2625696393124795,1.1913673425227023,1.1061624882076004,0.9710335762731498,0.8931151652133976,0.7779303577611566,0.6955511336752259,0.5969179058490929,0.5246056136509641,0.514180762399488,0.5497592063098273,0.5140294298869155,0.5076727184322137,0.5279719676318758,0.5158558424662386,0.49952057245164,0.4690260002258789,0.4712912477837922,0.4615620705980639,0.453405324426076,0.4531073624828746,0.48551174723464624,0.4872458755382413,0.5004633261369342,0.49886761682913816,0.49851094390619,0.5126521578117493,0.5135172170791938,0.5269353854809308,0.5180150114742683,0.533157061283309,0.5068208440878976,0.5018106161936838,0.5247481363235836,0.5305454108518575,0.5145162495035736,0.5327478569777311,0.5468443251068033,0.5268231249899128,0.5265995245612712,0.5131730494855339,0.5318364987745002,0.5602222514990447,0.5674050274752194,0.5456423634650203,0.5083819118668808,0.5235031375525535,0.5559535300823663,0.5033462813590726,0.5297840893275297,0.5423822368182449,0.5213037628502589,0.5026955159760624,0.5154835457925975,0.5059119812751676,0.5107401734597029,0.474032643389661,0.4648433872967091,0.48863930926518634,0.4754649578631627,0.4615354790340089,0.49923188884560227,0.4840366286553109,0.469905048043053,0.46650912288238283,0.44200938475980506,0.4752770508084673,0.460093053682818,0.43262182325505816,0.4202129988645428,0.4614641094923738,0.46067312614190165,0.4472649919689295,0.47913454375786885,0.4336782409540395,0.45565074998199684,0.4241352141122008,0.42384520151513005,0.382621774747477,0.427528520793495,0.4161633045384221,0.4010617893862615,0.45413731510153815,0.4366202702679952,0.41642396255982206,0.37146671853901947,0.41590200085088663,0.4158835187780307,0.39069049075791035,0.3852842443960906,0.4179811179122928,0.3694730682666539
18,0.6628729657714678,2.2904674915136822,1.8541382748983677,2.1450325410496256,2.2095353605769428,1.6682369877046077,1.5310377514829057,1.4559578420971226,1.4077050095618289,1.185288059342857,1.1576105951342022,0.8848649005059868,0.9336245577321124,0.8991448324243675,0.8071439446301756,0.7067854945400318,0.6022738559650928,0.5333447473669547,0.496928273918326,0.5102723389631554,0.4530771368117078,0.45359445591030007,0.4831930439451269,0.5087191082627727,0.4571037173604295,0.4791205526593927,0.45303508984912116,0.43094907051604847,0.4977338770755296,0.5225197825670403,0.5110613537218203,0.4772056209396129,0.4635294326512531,0.4995611215911418,0.5101143980910131,0.5269231821629294,0.5145453380040859,0.5720524430528477,0.5262495422579277,0.5286564771600812,0.5487926691640359,0.507375399579795,0.5505266850536428,0.5029070474989135,0.5217578538348585,0.5163043576229804,0.5612598047004974,0.5231283427603425,0.5135004930169421,0.511550826130005,0.5356192259868318,0.529034979147312,0.5243939610202496,0.5196997500239896,0.5201274553993974,0.5006978216943174,0.5303494737938718,0.48881005350751616,0.5488817295851883,0.4933731280300646,0.48970939687637133,0.4666742833197973,0.48194407620278507,0.4818216419476023,0.4323996693436123,0.49433637827523985,0.4703304740553208,0.4471605792418907,0.4348874578304149,0.4684967410443518,0.4766882894053224,0.4415783584670568,0.49048173741562395,0.46895075139169945,0.4519239173588571,0.4494914401168109,0.4590333599370033,0.45590972255318873,0.4488542516664177,0.43732654602256893,0.4165568577061979,0.4351235085787857,0.42429003984267555,0.44291304785016306,0.41343527512201966,0.4223064363656319,0.4108469660900841,0.42776971388019797,0.4070918855078664,0.4026283947379304,0.39212841785292457,0.3982428472528201,0.42030734819064963,0.3965590722126292,0.4208519552251977,0.4176594356552695,0.39301387190439424,0.3870610429419607,0.3848177500953966,0.36672720572035866
19,0.6780625455470215,1.2399909439017847,1.0851619710461498,1.681066531688583,1.3956703729140942,1.3542161280255485,1.7162245707360995,1.481094619957476,1.3486503363648574,1.2639973893696097,1.129160319618246,1.0322543511931508,0.9930509414181826,0.8849888214978805,0.7089108050268969,0.7871821492903947,0.627215945320269,0.5338510935165535,0.4988522507418221,0.5257523925221066,0.4785335567616276,0.4840499892542418,0.4913718762056168,0.47290068106330274,0.4958663620500685,0.5894591371750542,0.4531941353634627,0.47913499902910706,0.4901349388756938,0.4383637331138691,0.4805778161146369,0.5145713205863469,0.47789432403455895,0.4893132907803775,0.49586646190463984,0.49100864777643793,0.47901854028484686,0.5319880773521706,0.5146363242490971,0.5256513801471342,0.5225514385516599,0.5268240383227719,0.509616910014426,0.4963432290591325,0.5318034010116621,0.5115344124970316,0.5404328501455301,0.5279935181821624,0.5493895354081446,0.5017204536389991,0.5580622787017016,0.49048598245496067,0.47202401562299845,0.5167839005609526,0.5228087781250356,0.5227393869598793,0.5526506916919767,0.5008867420572495,0.5021832362604798,0.4555370104954285,0.49462162245391583,0.5132517885867102,0.47623433677321697,0.5054790957938343,0.46072477280088975,0.4785960716539791,0.46666298509587767,0.5018169517501399,0.4607088569541794,0.4612302024337891,0.44414361388984575,0.48774510987166053,0.4613237135857412,0.45721251355298337,0.4556328558484852,0.4545785282968956,0.4478120061464229,0.4219601858882454,0.42481465394646756,0.42389935653612143,0.45158114000397265,0.4322600704563245,0.4250376591945464,0.41484661163502995,0.4336489578471507,0.42036048618892485,0.40552027128816165,0.39867875968621896,0.4279671282409897,0.4141187263328395,0.40276773024409906,0.4051331149287904,0.3974520823299578,0.3901468763750207,0.38807672376384694,0.38395816401249194,0.38336672518472636,0.39097364935557954,0.40113578420319945,0.39858870904598304
20,2.0024718852890344,1.0048038202248344,1.9552338656472563,2.279054842486925,1.998438144082553,1.729893289822775,1.3287562611397898,1.57209337649942,1.463472555583196,1.3222038813873298,1.2261111217125495,1.079701784268277,1.021255662326871,1.1237300296955415,0.8561427381105986,0.7969045828257342,0.7316087930718411,0.6560123276276553,0.534083252142285,0.49732331423555626,0.5238160841698865,0.4777846587849394,0.4649059961605672,0.5095986549015215,0.4971588441905525,0.4977310337482735,0.4747198487082856,0.446084008033472,0.4996820584978562,0.4674701523052059,0.4844751199072258,0.5215374496097712,0.47592605926756604,0.48275349899842124,0.5000694297000389,0.49442676998747503,0.4838508403380153,0.49836006945598954,0.5163145048646975,0.45709932311498874,0.5072205983271727,0.49668940527746064,0.5073647873155694,0.526010729578742,0.5143675830447917,0.5064699193799637,0.5297919550842165,0.5167267724945452,0.5170019098669171,0.4728173852085971,0.5126704639358187,0.5250478283016632,0.4974291622727882,0.4750651462413358,0.4992328308625412,0.5101336309255118,0.4760863954839905,0.5306779837169072,0.5149797933715887,0.5092845923105017,0.49632743985005556,0.48755788942724654,0.4835122787612757,0.4591048090925696,0.4775641357813251,0.4479373391345847,0.4450252813669336,0.44884724959681427,0.44357259347585115,0.44641465740252756,0.44916157850755556,0.4224859732368607,0.4310549889254719,0.41427749744675835,0.4503415831926873,0.415840090500064,0.43243408210869516,0.45253418630129344,0.46161757878429943,0.4485743107700687,0.4254904826480214,0.41986709791629484,0.44024867194570044,0.4403479810501994,0.40741443509159736,0.4045606613932838,0.44037097871112746,0.421551470670991,0.41485257910831047,0.4342630843103079,0.39894491425261,0.4329518992376638,0.4195743744102814,0.4104333217190713,0.4021062828839779,0.3942057707100391,0.41926646290064773,0.38297126073871557,0.4137053359489871,0.3831152227266554
21,1.27398501021826,2.1733834745637957,2.7093038952997595,1.4347704022182763,1.7906766763269566,2.056627814334684,1.7866749213555935,1.5960013568697038,1.5882304309810196,1.2778622227410463,1.3528081637973575,1.253866976156869,1.1272641064688886,1.0348847290730137,0.9070908086107417,0.7613371548076416,0.7929210637753356,0.6564915222280474,0.6370304440270836,0.6260182349791091,0.5283259044076494,0.4910263131230382,0.5613234578300834,0.5584543558004911,0.5493171097394216,0.5112039815909648,0.5311594379714911,0.49545836254598996,0.49430117115493,0.4654193480956311,0.44561488291278556,0.47764438708737705,0.4600090680749235,0.48025498815583195,0.47925479093917445,0.504246356459962,0.502643201702035,0.49720129912958444,0.49307619486674154,0.4958695471694536,0.536172957103143,0.5424904174266358,0.518105816124189,0.5166799459233063,0.5278499460352493,0.4807975466416498,0.5277983478807113,0.5308196067098168,0.4974894454660307,0.521790442465979,0.47771776547647105,0.5073366106548481,0.5102811533965063,0.5015748965780163,0.5048928953830462,0.4871058594918157,0.474533426391869,0.4935986368462561,0.519192186623737,0.47513591117629356,0.4827874453299274,0.4541609530718535,0.4768997430155858,0.5095449303145755,0.4860679280584542,0.44941358054315783,0.442948125882102,0.47915164808086447,0.46971378648867707,0.4445255895208349,0.4394001495767357,0.48159533620260436,0.4383116647580607,0.4722790473601158,0.47097162987040236,0.45806355885095357,0.44792949134195137,0.44286847751777614,0.4544551015840379,0.4437162494683016,0.418065657835058,0.428741605291427,0.4373911383740833,0.4572916440576952,0.42603249037525714,0.4416853723073476,0.4118105328368999,0.4509316002802168,0.42863381708619314,0.43125014482319973,0.43504251297869745,0.4011388089178999,0.4093875779434275,0.41968521805007464,0.42399083717414915,0.39588862617271625,0.3948406343262266,0.445332452069054,0.4223404255521022,0.39125641849343007
22,0.586520953730964,2.2798755534288486,2.5029649347046887,2.4218720874297652,2.0506647811284386,1.96404015610504,1.850471634974088,1.6930800693986705,1.6648762151625545,1.373766788916197,1.3085058035754784,1.2284828178495146,1.107569154695015,1.00472461854829,0.952948647875539,0.900297800796241,0.7996990933431507,0.6961171298024675,0.8053704095785864,0.6082378638028787,0.5354443618370567,0.600170198765973,0.5794995117266177,0.5530072353649991,0.5004912384599751,0.544404064469645,0.4863057883331427,0.5436562223633148,0.4946453749255967,0.46065040307283955,0.4712351285423744,0.47729246074559284,0.4777613257592311,0.46894897763804977,0.5056061537168837,0.45267939506942767,0.4714752749832545,0.4724352282028351,0.4909055519612121,0.49890781408843093,0.5125604124565039,0.5354013123555176,0.5165566832481097,0.49113427048285146,0.5038603256406672,0.5021464625786642,0.5337534199264734,0.5055588584489008,0.49386512828500456,0.4852850622220039,0.48905864928625953,0.5253246403204982,0.5008586437634432,0.4871653169120004,0.5189056371611456,0.5299598397020505,0.5141301930443395,0.5406668896043715,0.5059875821239878,0.47664524792050955,0.49093656096678356,0.4778862653246377,0.5120250208130703,0.531474144333401,0.47277374158385455,0.4963564793769574,0.5678022293486962,0.482847661533288,0.4796163624259874,0.4962471065366706,0.4682887576093228,0.47171061865266406,0.45048253000106087,0.46813988464129325,0.46652807471715896,0.46592115452885147,0.45764116611598527,0.4458814941747068,0.4342412045945486,0.4565686539595281,0.45045760509765675,0.453611931245727,0.4498468972013147,0.43378479792571306,0.46943675321302186,0.44026185614533,0.4346674951839144,0.4416641007123678,0.445804593155434,0.4472546361824228,0.42488016246767124,0.4310973571481984,0.46308219149121643,0.4226429882502394,0.42776300382278354,0.41943614647739635,0.43326944037928056,0.3982805666184088,0.41797045278555267,0.4126238074405203
23,3.4062149061547284,2.893903045766821,2.719768376591951,2.104055462963264,2.6012788229452912,1.7939721019029424,2.0091136590580736,1.8383768973513537,1.6711032144799383,1.4729800138653841,1.4307531398317863,1.5617325965515347,1.1405763450908306,1.1159748055414302,1.0823346121725466,0.9956878624996764,0.9187697118065247,0.7855592486291602,0.9106163515060869,0.6812269393217059,0.6523357261454309,0.5444917673220703,0.6232653680259012,0.5623406770479985,0.49302288979907505,0.5692529522492235,0.5729905486183856,0.45946166497386126,0.4807454156572187,0.4910864265659147,0.4820404508671045,0.4530288744277806,0.4722087268260568,0.4900166545354785,0.4789381844817908,0.4939797817271051,0.5111949954031555,0.4997501607430401,0.5016400304763146,0.5139136053681446,0.4929844827738159,0.4943061634781099,0.5019055075523776,0.45689512436215757,0.46326722376747315,0.4883722361965257,0.49680588116656027,0.5229238161250271,0.5080184058894894,0.5060671625230198,0.4815618701795966,0.49831944573977627,0.48956520007606347,0.46206720081520086,0.469329062454367,0.5064158418255033,0.5216012174330554,0.4706873093379457,0.49563321659491166,0.4921712449829875,0.463718646107226,0.4870795125309075,0.5339284781802269,0.48711822223721984,0.5160252420702484,0.4388723396193744,0.475506646680685,0.49027749681831184,0.4962700440948601,0.46080526207296996,0.5066105526920673,0.460459321747429,0.4282962197840769,0.4466201007460202,0.4698033569490246,0.4318573441753812,0.4672810875528398,0.456643087173524,0.4596246081597085,0.46815353191781506,0.44931629949963786,0.46483213673704304,0.4364832624186732,0.45723632970401545,0.4346358768897738,0.4534025830632635,0.4325656994616516,0.4368052594815186,0.4463996879547436,0.4410952382082953,0.4220983321550232,0.4534968740540206,0.46520957608375463,0.4344789551530654,0.4368202657267468,0.4344185546302102,0.4138601532211923,0.4212099692558882,0.41649029736225607,0.39984509567267246
24,0.7690478705796256,2.2270389942543805,2.670994578507799,2.1603562178162887,2.095276835667397,2.246095013959735,1.923211178907901,1.7859381485302797,1.649079260403204,1.4918622338056837,1.4106548581525464,1.3297515283482089,1.2181436725914332,1.1742554278396484,1.0658314206730513,1.0203782566251982,0.9165304245459335,0.8731810621654116,0.8432480799271704,0.7786450689219838,0.8056443810835909,0.6359542190324006,0.5091832948292567,0.5658783578488707,0.5328791371844488,0.5552760080425139,0.5321871647508135,0.5140935590566569,0.48527153157976016,0.5312635088829576,0.4708659112026165,0.4999992583072351,0.4775749328673231,0.47608408791419854,0.5113126363229576,0.5169353757970235,0.4956624050799914,0.5064962206758307,0.5270610973628862,0.4766647376289365,0.48903825394516043,0.49449594057603075,0.48519132837600515,0.517034821375308,0.48820390717389506,0.47440136435614716,0.46377172843834225,0.47111780118113755,0.4886738611621886,0.4703218209788017,0.4975850832481242,0.47525559919945715,0.48743859513634114,0.48834475030175245,0.4888392119914601,0.5033219490561934,0.4944887233024459,0.5003434837417094,0.4680091355653506,0.44169690195533634,0.5067137582752578,0.4859574812687045,0.4685600684229879,0.4807528384200587,0.4982173843115812,0.47455946884054195,0.46474159557499656,0.46745847644931904,0.5219988085561126,0.48867111328399804,0.5009156754496922,0.438414033149196,0.4857385225723693,0.4871040141886534,0.47623044194008546,0.48617111471104246,0.446165529919122,0.4647954332309651,0.4544927854377828,0.45222952450298526,0.4565720511926709,0.48049609700137097,0.4510795939610139,0.4391409034913705,0.45103006283854935,0.42451275067578703,0.4432189576218588,0.4500816042916336,0.44428604950887834,0.4256629941905117,0.4594673979576598,0.43073160314201775,0.41427481337219724,0.4281042898079296,0.4499743773721443,0.4358133501696838,0.4082848623950059,0.4041647586573423,0.43701359238255394,0.4140105615297314
25,1.8299158509148794,2.9414580850649585,2.718188911503909,2.2041926000551415,2.2800084744558435,1.7431366672616302,1.7991833166756894,1.883577514345343,1.7554866182343276,1.6257659660983086,1.513557253486338,1.4290982705930344,1.3069082416473063,1.2261106221610174,1.2336790190218037,1.0181762356804775,0.990565188317998,0.9471690649533849,0.8955999405971886,0.8143610592369629,0.7599455053795684,0.763773426642652,0.6223720418459294,0.5783829596656739,0.5694645649986009,0.5549502811820447,0.5386869142011445,0.54538482799631,0.5335205627179601,0.4838649683455756,0.4737472672744867,0.49586569424225413,0.5113893315506407,0.48300035187931933,0.46085367764798235,0.46247163446236766,0.49773689093634393,0.5243055143171714,0.5204570847303566,0.5114057218195744,0.5049430445686587,0.5081698001568988,0.5042644162282456,0.5060133343051418,0.49159451383250286,0.5098882968419792,0.4551537087253547,0.48028636888610116,0.5003515168365461,0.4651814064027901,0.49641246903953373,0.49824398618304394,0.505181395658228,0.4983416635805111,0.502824812064964,0.46620563095346257,0.4794757289841369,0.4892317907853163,0.4542378446711341,0.4906384632691206,0.4963340259939073,0.48453532236957997,0.4728449082476046,0.4850779789118653,0.48728422284558265,0.4917810370856877,0.47820448260013165,0.4560968288077327,0.48142471039040974,0.4757297037051758,0.47386713743837383,0.5026021637983028,0.4967261981030341,0.49380666460077227,0.47200494447625946,0.46838654074863506,0.4731786886672508,0.45114414221880256,0.44316631580255395,0.4222654426069782,0.4703702327064533,0.4427108814129268,0.46126727415103297,0.46462518255620716,0.44263417081556966,0.44111999819411235,0.43707664894508896,0.463195694900757,0.45620582484104794,0.43193164577646875,0.4246211405234636,0.447359820000341,0.41663678432816637,0.41034818868671546,0.4327790668191169,0.41912848872509306,0.4305577677333576,0.4248307534386974,0.3935862281619224,0.40325719149180733
26,1.51944235526066,1.970672769435839,1.8040384655417052,2.0508599805676844,1.8126377052639189,2.2824503923462025,1.9116577016265,1.7237559256110917,1.8974101557808265,1.9116109216463535,1.6389219939807482,1.5452636569588318,1.3804699314477946,1.349485013163105,1.2520531037376066,1.2988227904597376,1.091476580001509,0.9982598046069162,0.9498672722565926,0.9219161033835336,0.8385366408612908,0.8028578757567199,0.6989680836883987,0.6716807223172855,0.5802863944829417,0.5801046198161198,0.5766131632252319,0.5273368113605708,0.5240142069570395,0.4833178759788984,0.4941679082967494,0.4910817952781593,0.4850464992587651,0.4912857430012337,0.49526209253904724,0.49173816913923113,0.48421130723397515,0.5009185942065562,0.5334085163932265,0.48755317053435043,0.4642580729625059,0.5253480286455148,0.48350235826660504,0.5267375456529896,0.5049608119557365,0.5248295070931993,0.460735407072095,0.5012367521413192,0.5243691223098939,0.486355826391268,0.47729197677321217,0.4919890628644721,0.5048289866724024,0.5148034447435168,0.522999314484533,0.5014756002182152,0.49785652663982555,0.49731985310808,0.5102658861089527,0.4754590582163148,0.4959410366118517,0.47219650291677123,0.48321212820327186,0.4778134947023481,0.478590742201706,0.47257402537215104,0.501236473119623,0.497560878628555,0.47038714814984467,0.4584071291140304,0.4679912577251796,0.48840434699430557,0.483427122346699,0.4714925370111459,0.47504295875168845,0.4823450813934166,0.45340252893499655,0.45616334161705113,0.46358067515105433,0.4407276595620292,0.4524535465252802,0.45807605744839497,0.4356084256329991,0.4556346763880679,0.4111398757418057,0.4387772744168588,0.4195048475708847,0.44357484976703854,0.43666460270649454,0.4334827893768928,0.4180413068694156,0.412374234261097,0.42575946312452806,0.41302069641878736,0.39480149212441606,0.405110430446618,0.40106110057374944,0.3953369289951494,0.3891793236499058,0.40967209045653796
27,0.6527332317549382,2.740933614817616,2.2039602053111396,2.778331715650938,1.9802980119525821,2.4236651361510937,1.9343339573426102,1.980614553621911,1.9399396151707013,1.7513279261188652,1.6053731445854116,1.539691961827672,1.4669474083860794,1.3160588638435167,1.3122453288035785,1.2084392254312686,1.1848750161134598,1.0050770161172629,1.0056228051725615,1.0383896546809963,0.8262346792137797,0.8694889929719976,0.7580763213457266,0.704290724557184,0.6869781715796628,0.6090531963528611,0.5914190155752049,0.5500217634937594,0.509910558280299,0.5027365174224995,0.5121287314232088,0.5061577064756072,0.47975673645997396,0.4868060423557124,0.4906959166936422,0.4795057992665731,0.4818750116298322,0.4860896284856761,0.5093601973172175,0.4766784101401958,0.5247135683650063,0.5101412807398026,0.5545687396121763,0.5032109407806366,0.5359759534458255,0.5101335533223442,0.5227930836830336,0.505125795337624,0.5274585974317818,0.4840740334006301,0.523974171387397,0.501924254712373,0.5231641452006062,0.5084846140957433,0.4826888618210628,0.52116369046251,0.5178565270070075,0.5389627666949267,0.4803294916288921,0.49954378269708594,0.4757603473615092,0.49154278565152126,0.5105377639453024,0.49611566958986003,0.4960320969096858,0.47840988608987484,0.4886618077204837,0.4765914103232641,0.4976913624251178,0.4676441343113174,0.46616636863697203,0.4927996024076306,0.4519360568520441,0.46939445461716534,0.4696804780529387,0.47868037498070676,0.45254358141294065,0.45723787226274615,0.45747331086606235,0.4356466969005111,0.4134440738564772,0.41736531944850613,0.4319802534112722,0.4350729551720592,0.48538529834745836,0.4418128979695173,0.43568463940245844,0.4251190410703678,0.4425208449504313,0.4232174988269,0.3907637995798263,0.42877708014306104,0.39818552490129855,0.41578083126357035,0.3956103710688192,0.41179418771086207,0.3885006343194495,0.4122307834598383,0.4196241919566929,0.4205323360108563
28,1.8202253040401135,2.8076928223404725,2.9395896377965145,2.384695428468643,2.140930779960158,2.316235768486116,1.8250425580469256,1.6080029666910634,2.072802060411853,1.741193035224696,1.5901231344178048,1.637002339221436,1.5022754609618025,1.4506036939335991,1.3195727172158533,1.3150737334088278,1.2668768145901084,1.1673635960863518,1.0661479460915682,1.0176416976840552,0.9001318856563152,0.9337270959440069,0.8603483485388562,0.846092353963611,0.7850909117091157,0.6979248104272451,0.6218392025205419,0.6196386878337065,0.552233945191666,0.5264038442805904,0.5194685051570304,0.4894988478158833,0.49984769086926506,0.5152142814628907,0.5005224833119949,0.4993945487389328,0.47804707853326983,0.4928915563434292,0.5091562131789469,0.49992594332055024,0.5183164504537375,0.5213755986588727,0.5004429744862461,0.5214654222549263,0.4818311720356028,0.536088601205584,0.5298337804066396,0.5019043249581083,0.528419625530836,0.5161860796688263,0.5181779461656689,0.5322614940026543,0.49242330563581976,0.5004275926487805,0.5459994530494886,0.5078107890103193,0.5086055668275447,0.5136689662044256,0.5363265450930349,0.5102273888694445,0.47978153173851124,0.48541973569794905,0.4618171499933894,0.48364824155776537,0.4839551831444303,0.46968147791435005,0.49272451325591904,0.4890601005194153,0.46267579016861565,0.48137136191930746,0.4697964521776151,0.4956322888416006,0.4466048105998587,0.47218265570030665,0.44638593246467895,0.45967020413947685,0.4387508207038245,0.4617089635314707,0.429310650784607,0.4630535201290878,0.4413476903505565,0.4315572112903422,0.41140049658166417,0.44403919175749546,0.41024586288921283,0.41148762074901934,0.4107376833721339,0.40989727806556525,0.41703826278521156,0.39199732655364067,0.3977299640914419,0.42134330402793085,0.36834401847921466,0.3766594112297525,0.41736592332213274,0.37076176369805675,0.3811721698775111,0.36882599940349464,0.3860903146114236,0.3652906286401232
29,1.5561270607926505,3.520121336584354,2.533753244878864,2.1154192413970634,2.0628023646768447,2.349105354181385,2.0592019455447392,1.352154245507401,2.0133121395558,1.8283910371653909,1.818300865419489,1.7253818285977214,1.5124283372023746,1.441087289956887,1.329326570288164,1.2698220612393936,1.2395965237986366,1.1171806367660324,1.1028598262796006,1.1191772284590111,0.9906718183787244,0.8633921155775794,0.9439675658929497,0.8114361951641261,0.7702575852993074,0.7446589811416517,0.7048288488902965,0.6615567320897494,0.5546196011812491,0.5479178126594688,0.5360983728308456,0.5265980041846994,0.5057769933763145,0.5586743659092044,0.5095059462672427,0.5133167781873988,0.48160833026311517,0.48211388458613075,0.5143719837233564,0.5031763069961932,0.4853118098744252,0.48749066098564314,0.4994719729700358,0.4922843291502255,0.5143960231223875,0.5171530598138587,0.5153952587241645,0.5122976244520492,0.45672445893959607,0.5069184297590598,0.5298295050761588,0.5203517678838102,0.5507451056029736,0.4922024644468871,0.48018825107365387,0.5290681657888309,0.5139237554572047,0.48950304593588523,0.5179392906270606,0.4932342119063438,0.5154939237622042,0.48430510927840775,0.5184821067550954,0.4782236529982618,0.47766013527338413,0.47264121484912314,0.475731675662781,0.4544464568363963,0.47586574420864036,0.48848086126994383,0.452562694229036,0.43510866148919763,0.4678537856944483,0.44301185845189983,0.4586850342982755,0.4661411920405492,0.4831500737450364,0.47823646978655404,0.41436601777319415,0.427152151195138,0.438205913415302,0.4460476077885583,0.46154407933433933,0.4209084891941074,0.4109965097688302,0.40599731742205797,0.3996788960882057,0.39045612358781406,0.3842533450500874,0.39499084705147985,0.389874679241853,0.42071360496662663,0.40666399394927943,0.3862422667639634,0.3852592256473215,0.394464560916138,0.42084002899958745,0.4082842795363798,0.3986010774090422,0.40286889486790317
30,0.8691138566840007,1.787772113148656,0.9644314616748743,2.7557095933805487,2.1709351613647523,1.9091897807105724,2.6238819105231914,2.191119997618835,1.6871207609848025,1.8506808119553737,1.7098092208504774,1.694028838531132,1.5665391646502165,1.523215509571756,1.4106062347230672,1.3998930974931458,1.287470506353098,1.228104938250448,1.165301466799594,1.0716033890128476,0.9887867042704171,1.0016367582859773,0.906047938585438,0.8975792930728216,0.8849339015484622,0.7999647257886368,0.7011149681671817,0.7784788940217465,0.5976262706986791,0.57108708534391,0.548247748326615,0.5463489451007065,0.5185187947703435,0.5490982041946078,0.4955708620340233,0.4748235925496529,0.5140603219317348,0.47449969420831967,0.5417487725896317,0.4921243990184231,0.49451141287503236,0.49541610988148294,0.547970100523517,0.510142316000195,0.5106797798024137,0.6056967333916877,0.5089764945682749,0.511168810828696,0.5332814104378353,0.5067617499276081,0.5369466800822752,0.5131332860480926,0.5507343154301871,0.5098667106863999,0.48465250644606567,0.5466215178626108,0.5125297037290306,0.5293103160725723,0.5050461549928162,0.48694556701416236,0.505474426608801,0.5238661254582397,0.5257395484964164,0.4842166594069185,0.4894964826372417,0.4761201614035434,0.490155916845188,0.48803451718526286,0.4765593778870545,0.47977171296269633,0.4587478646996279,0.4795362588067397,0.4403931553663664,0.46474704410812495,0.4347378346126459,0.44802694676588967,0.4309935126545565,0.44622411624717767,0.47674486685100936,0.423479600788308,0.44626646406486303,0.413596933144804,0.42587245113589,0.42091312987668145,0.43564838628577685,0.4374708233499595,0.40838212846643335,0.41730861359878046,0.3857483830291588,0.4083456933759043,0.4160670142145246,0.4112140400819946,0.39800437761981516,0.38800940523131733,0.382538015072372,0.38717892935881526,0.40361585907222425,0.4095477003403303,0.40762940366499756,0.3597334196649018
31,0.8862378976057945,2.732780906338706,1.8855422289876338,1.9339427101571118,2.6318116470373094,2.2805975124243543,2.0309824348289176,1.4718719439672618,1.8520414416142656,1.6636644263948825,1.7102279142181225,1.5883222734332898,1.7850240360607754,1.4660451965198613,1.6118334135435113,1.4145129657309412,1.3000630505418147,1.3217144597930996,1.3919141080030453,1.1907306353768743,1.1129246851937977,1.0406722118395961,0.9457858475737325,0.8855829626002989,1.004378819265161,0.8083039072836071,0.7164742382441698,0.6925698006740715,0.6225462762512673,0.594524513081399,0.5594203654169786,0.5405196371810554,0.5244999895933833,0.5151968806257858,0.48862395315053736,0.5395817460233634,0.4910914821996849,0.5231329007069788,0.4876833771780559,0.5080224625489493,0.4903463895573384,0.5015083578793038,0.4790887537687097,0.5072067575086412,0.5336872353446556,0.5198884587470982,0.5183844853236298,0.5096157132886889,0.5156633033606294,0.5502823000962388,0.4927853516796273,0.5127690597181077,0.5186911826827959,0.5246082210689954,0.5260771363265501,0.5251867998759581,0.49945613523354193,0.5103210093727442,0.5147238605445789,0.5036880703958285,0.5204594921229102,0.4950944627793912,0.5007627443677044,0.5316593649830501,0.47259434899270125,0.5075936664250704,0.46700949261559643,0.4659880462684953,0.5002652750623232,0.4627633216209896,0.48961048239990684,0.47204450143839877,0.4573132208339577,0.4344709469830561,0.45410888659064147,0.41963994293174117,0.4261564629657833,0.4466127967523912,0.40891133182417594,0.429897372383889,0.42818649322168717,0.41991406158179606,0.40606899549727676,0.41815349936490737,0.40873750646402957,0.4256816123482189,0.4209551446596901,0.42798913191100807,0.41309541651313125,0.41593970982007045,0.41100034224480986,0.3986679968529967,0.4045197865930941,0.3931462114907774,0.3682037371236717,0.3925958773906375,0.37295048596989105,0.4037820492616745,0.3894589937597741,0.3642483900311965
32,0.5151778779391848,1.9130508065092517,3.1870513204507085,2.0589933872267467,2.5410851023953374,2.766810510346723,2.301269053472617,2.3340474049977207,2.0838309489848625,1.9385042054473374,2.0012912393350626,1.9277764297374675,1.7200403237779027,1.7000803546411096,1.663482692967646,1.5257737202303403,1.5826185109667075,1.4711623907733342,1.3427212147011462,1.3376330100999958,1.3396613940563606,0.9883411549051944,1.1051870241666613,0.8960614628312881,0.8804141567400426,0.8362888611156504,0.8245175984579226,0.7605746154146352,0.785409566574348,0.7702805232825842,0.5948192952936271,0.5284534958282822,0.5458053262493018,0.5025134024917768,0.5268598254644883,0.4857116977110899,0.5336592306273317,0.46556670554250884,0.47107682765257,0.5104124186640466,0.5199002113010868,0.6265642444238697,0.5194283721891426,0.5267594592955628,0.47648444828440295,0.5152094903971384,0.5217259816369455,0.5214562543293956,0.5195427693141143,0.5410953502383022,0.5191926407135001,0.5484041344313871,0.5501521705997345,0.5393802325395823,0.5498448129596506,0.5147431968113803,0.5281719916978854,0.5397207206776845,0.5637880990722816,0.5253216666076423,0.516210654265401,0.49167183368292605,0.5112816501611236,0.49857781206275203,0.5094972619520964,0.510351216962392,0.519536432035199,0.5214142477986673,0.4854997385530861,0.47746921216991806,0.5045172038561468,0.4722619520151713,0.5017947967928034,0.45969410494933205,0.4591331209575156,0.4596123719414122,0.45858475127383985,0.46758554679296316,0.4605323959196067,0.44606433470131857,0.42922975863906454,0.42731877050605427,0.4172343775985668,0.41934958206517886,0.4269710845034803,0.4232363033009988,0.42744775976192817,0.4357646969925718,0.4260348269031805,0.41026677843177,0.422279567177296,0.4093637048603169,0.42463641829621496,0.39767249075998023,0.4293855981772435,0.4294983704315115,0.40931776599731934,0.3936806074203735,0.39175818104545806,0.3826236287630568
33,0.5213521368314264,2.142625771230389,2.138840064708637,2.2348739321762485,1.7562234549865858,1.8353995642229712,1.9215928393644552,1.9786369551755918,2.0237714567594844,2.1608206590179395,1.905060301523159,1.8730356268548485,1.69713480737814,1.7369133164466932,1.772525165066957,1.7365446963109854,1.5306710340051193,1.4098285529065862,1.3129136693964083,1.414042843378572,1.2190698731646246,1.115688196307433,1.0741826393004457,0.9902525370059996,1.0922730087524959,0.8373606000346525,1.0012312616980166,0.8323277655651433,0.8182137701978759,0.7590866818138716,0.6242003087291951,0.5832745769841031,0.5338864160582072,0.5046938263898776,0.5117910837943238,0.5055005323566105,0.5097752851560547,0.5061277588541062,0.5340488128852708,0.47299492075680255,0.5098594644769937,0.5009303758692217,0.5048712584126261,0.4999631850761514,0.5539860566418754,0.5228917392214514,0.5330455435497715,0.5323723695387343,0.5216060805108619,0.5331034432960606,0.503386760358378,0.5257188172235924,0.5294991754490027,0.5123100316133867,0.5281882105507256,0.5575320595592219,0.5022957223066522,0.5380628161894866,0.5445094878721727,0.5192263223809098,0.4981566691971005,0.5173673437668849,0.5095764851653762,0.5318828892518228,0.5044208148269544,0.5109750556957553,0.5296522020046698,0.49108252141518244,0.4639448045887905,0.477522131306266,0.4616042887283736,0.4616817329493805,0.4684332434219824,0.4779974624223567,0.46331281464864,0.4791927504311404,0.45193102916518596,0.48576381564339965,0.44317446606803906,0.4323927254687023,0.4128367293843484,0.42841191652351196,0.42066308208337083,0.4342540146340462,0.45275575319679545,0.4302260927979266,0.4191816929087024,0.42045533409553054,0.4253567384523148,0.40417922979459286,0.3914065581340154,0.4347297147451349,0.4053384667844402,0.39993147540524826,0.3995187799011221,0.41348008679709636,0.39968632149833655,0.387967793611676,0.3957290374000229,0.37802435660615297
34,0.7201428284626397,1.876566244902221,2.13218084764874,1.5860342795172546,2.2837782680533327,2.3539092226723892,1.9547451689961264,2.3016269249493733,1.9904930283953974,2.000333087166859,1.9215417027216013,1.9842462181187297,1.7084835834063024,1.9199370929805255,1.6494292203623075,1.703438036532755,1.47147036116744,1.4688120432495495,1.3524815733222113,1.3527939788473813,1.4632887280375213,1.1108415985669193,1.2043616216398982,1.0930980977339257,1.036409819414926,0.9052189799519211,0.8233606420360706,0.8197193056551911,0.7270340697892528,1.0129601748126968,0.756652931405347,0.6321263576118095,0.5756206485219262,0.5160106402995452,0.53735129005415,0.48929053157167574,0.5046633372746019,0.4716264273250195,0.48415359263721464,0.500619585289786,0.5198509887392267,0.5013607561188054,0.5003432452605886,0.5189202509652353,0.5245692736729697,0.5203975321760393,0.5572127762957299,0.48156470411751806,0.5076454139889112,0.511666004485111,0.5731377856189207,0.5388188228126134,0.5384525137120586,0.5236263500882364,0.5184618970528472,0.5038835461376829,0.5270255409967681,0.5022067624869392,0.5101127387500101,0.5057151214283977,0.5221690083740507,0.5115150799989799,0.5030256123292949,0.5036767229627913,0.46379659090676345,0.5016289485191326,0.479884147494968,0.4758330989403351,0.5099227949216396,0.5028675763359068,0.5071275321560174,0.4443239069113997,0.48609385477747846,0.45241070557054996,0.4632420463362483,0.44690647754041213,0.43767164513037105,0.4894283635936392,0.4611897753894706,0.429527192670784,0.4611901371596195,0.417915608402412,0.4368394764334237,0.4646309658294528,0.4383544046261875,0.44740976724731846,0.440850942312348,0.4575299199811885,0.44860888493023415,0.4181064136647196,0.3980562034237997,0.40478858613170227,0.403996202587231,0.38546133138782945,0.3987774325441547,0.39915550956039625,0.3717317606504119,0.38842446200175257,0.3795537109597351,0.3965776071032236
35,0.7527020903671484,2.5637226603209755,2.9673779164151424,1.8850247773525062,1.8304568035100688,1.5433861977846373,2.0702554717646806,1.898932476262598,1.654471867091635,2.2740089855566823,1.9703278221425864,2.1108922791548794,1.9103714475640878,1.7230957227422836,1.7250379054552623,1.677677923152394,1.5645978759720713,1.5343195762860515,1.4015283925682305,1.345122186887504,1.3146156088185266,1.2373480927682077,1.1343148462735317,1.0693736147807895,1.1115259731509193,1.1140265768129973,0.9603368131029056,0.9494462645368105,0.9231669073941414,0.9013044395235614,0.7769025636934332,0.8297436466690405,0.6809018911519584,0.5402309647070244,0.4957690639224936,0.5173425469276018,0.49261680152974247,0.5063956246667118,0.7196177625527402,0.48133325752705686,0.4994299044797211,0.5237683259747195,0.49685378666261015,0.5097193344773863,0.4863291978138056,0.5196622011910575,0.5607899106612183,0.5575652092820751,0.5102201764554269,0.4997694195575656,0.483866116596798,0.4814485488072238,0.5481406749129474,0.5255275784994087,0.5366116362688685,0.49384118195005827,0.5097506749794285,0.5112182452272407,0.5051826712061236,0.4787128471261629,0.5337692569853617,0.5072467847155604,0.5104516589250179,0.5104408252040116,0.5089025709942897,0.5413110963273909,0.5031769363815491,0.5533575169302434,0.4904508557182251,0.49107126385778616,0.5041776457036191,0.4744143646709333,0.48295156175377707,0.4463769344915832,0.4681330748831989,0.4500596210396553,0.45798594947217797,0.43889893165629473,0.4630521950379129,0.43187982560629823,0.45609205135521536,0.4597964455352086,0.4319209890218745,0.4258099862547318,0.428082346339875,0.441653772585152,0.42313640779714295,0.42382506261346314,0.4125024840614815,0.41172776923582627,0.4207523787629162,0.4006491861280436,0.4151198754295644,0.4033367065629612,0.3911865456429105,0.39787875315240345,0.4104043436394875,0.4041927040890916,0.396071045086407,0.4104719799135952
36,1.6247622914338433,1.5673383755707813,2.685626948452606,2.3510284518202593,2.3281881456577156,1.8884889545231662,2.631703578918711,2.537299173859328,1.7178249203353793,2.279567679224347,2.132108216302103,2.1375113724055925,2.0429183177511328,1.696774649299385,1.802302048379795,1.7607699822568181,1.5311696902239662,1.4538949550370928,1.5665337629498732,1.4018342155874646,1.4019513457856687,1.4242887225538607,1.371442226767991,1.1722900878467881,1.2328131249532868,1.092176309244189,0.9519670468050945,0.9552359144166335,1.146383518051077,0.8908364168075421,0.8181194988145304,0.8215312627243092,0.6989160670015476,0.5947097284447885,0.5617748430534728,0.6204594902121205,0.58066579971679,0.5612120261695992,0.5481939290247165,0.5183627458677648,0.5237257255128538,0.5814252788624418,0.5282751515469877,0.5250618596073525,0.5188994826312125,0.5532220978774003,0.49969404534912387,0.5418419169539815,0.509804861320797,0.5260460271658128,0.4964429260663955,0.4747995831817476,0.5487941122205027,0.5228511929429865,0.5261909016878533,0.5023598586094257,0.47705119184777894,0.4784848383818079,0.502207991261055,0.5011127259111372,0.460835565014112,0.49980833896236426,0.5098212636451607,0.5090439727805777,0.4707401439514249,0.5030282021932349,0.5283053797977059,0.49215614951904113,0.4990549177097406,0.47857306571901276,0.5355718237195782,0.4560377315961821,0.4797845525503298,0.48344481863401834,0.4922849489067852,0.4653994439689186,0.47543459782258707,0.4543896671870754,0.47110358153363074,0.4557615384153067,0.4519495215791541,0.4302501854094233,0.4538900070423728,0.4424534585668599,0.43695130266177,0.4317711281180554,0.41413359944275335,0.42707262329456686,0.4195918794054629,0.4474727134251902,0.4322254940486996,0.41202290613292825,0.4059609936775803,0.4121639243016097,0.4096463744580823,0.43045239143937286,0.41504419957761335,0.4236392755344156,0.3954184801841631,0.42106319009808746
37,0.574613388796608,1.3220108840435867,3.155595170201034,1.4838141876901116,2.6347000929232496,2.1413789318022194,2.2202161218725687,1.9602125487481206,2.4163523580117805,2.220359407434759,2.1691069225168635,1.9456142017089315,1.9972676003728078,1.7308636524118102,1.7383859773420036,1.6399092127601458,1.6767404308281066,1.6267626247513005,1.639595986536568,1.444275168709311,1.3673111932756479,1.3456688144747109,1.269163509024415,1.309552662884868,1.1638015994162916,1.04241095618228,1.0561990753424013,0.9718026787932936,0.8666858173727424,0.8447504664179087,0.9621992491751848,0.7431413899672419,0.7945434156404045,0.7363865876611378,0.7436191353132533,0.5810026712120971,0.5648645096650956,0.5533935680172333,0.5371261513879437,0.5036284550267373,0.5255645778846235,0.5078355000580754,0.4795327208549775,0.5802578849845795,0.5932606297385702,0.5388016462588195,0.4656489493480516,0.49939918324963417,0.5032208484612359,0.5140314046018055,0.5497920414480183,0.5368703099825792,0.4785372132811407,0.4957728853119588,0.46586082959097336,0.4892186068692682,0.48512075295764623,0.49431263827311894,0.5037128040776824,0.5070086430664101,0.4921553769650488,0.48724027532182623,0.49831876048285245,0.48509610888332866,0.5035040321843568,0.5114813726313937,0.5009844097701278,0.4878090665666437,0.4801209830522323,0.47907402414500805,0.5394298276264318,0.48057588950547886,0.4969887497519219,0.5064762052305202,0.47851317787950703,0.4852432530259408,0.456233665266808,0.4518552106929764,0.46656893495518315,0.45683350887583246,0.4507012269959876,0.42620429428517576,0.4875890875031744,0.4431334174922281,0.45056907540246016,0.4487754139038813,0.4779766399744234,0.4356275929305783,0.4488948966643807,0.452786647133681,0.4148642458709768,0.435252007824105,0.44074238789747583,0.42704434131571156,0.4175599577434468,0.4196085407336915,0.4047508503843847,0.41305143401984123,0.4180228860280206,0.40541857847656776
38,0.9989616152907799,2.7387312602829295,2.8893518397934215,1.5889239271624467,2.3287706510385253,2.519668670947355,2.0077088386067845,1.9170066272218078,1.9394564374424412,2.0785635113866525,1.9595740982551284,2.134375126823195,1.4805008598749925,1.9386094043821769,1.7029305151250886,1.9594236133995107,1.6907538900792574,1.7222965208751924,1.6798550099023781,1.5428412384068797,1.5757443207738602,1.4695563089292238,1.2319878484520566,1.2418612172304242,1.1618583869114607,1.1283218747140173,1.1520972532749616,1.0850787506684052,0.9744553931815644,0.9239720922869343,0.8760970467161784,0.7958431355351205,0.8258758432152588,0.7307704142691781,0.6425868023342134,0.6479868198946569,0.6287180338431956,0.5859240195630894,0.5938348874091683,0.6192409070071297,0.5718269997568352,0.5423494898248115,0.5831671396671946,0.5076157405951299,0.5813616227969327,0.4772319963332941,0.5268565809780162,0.536008487959947,0.4935692257286673,0.5120158739685627,0.49048226981001297,0.48859759178357876,0.4742889436757049,0.48918924447056333,0.5172023897040849,0.5266695799924554,0.49554884145591643,0.480165371142875,0.47619309786808944,0.49046648287014716,0.5181403431403546,0.5254740177419885,0.5017318143946375,0.4722437754972149,0.47852804236677415,0.4686102542094132,0.4781647769773606,0.4734245605528306,0.48403911931681864,0.4708186752804032,0.4429002821589327,0.47165809433030575,0.4503977590928272,0.4772413152755099,0.4757026803474057,0.4609763471396776,0.46506325441686985,0.4783656874584751,0.4466600556049511,0.42443740038279587,0.4557772195874599,0.47942725900423305,0.42582289195879064,0.4466042280775766,0.4494708725056853,0.42852355306764967,0.43033967089648956,0.4343364759129753,0.4609781508003135,0.4258765931722402,0.41701551198942177,0.42886358204502467,0.4156716985386746,0.44541211200189396,0.4361719489253713,0.4040856940160962,0.42410324225425794,0.4178121177339813,0.42545095637759645,0.4099777368361973
39,1.0490584052793832,2.6495641987467686,1.3117829457019847,2.1574126806664364,2.4767316175483756,2.1293940055389817,1.781637601044538,2.2179674482241527,2.2180077412609314,2.0483123458570685,1.955533641884479,2.2996749599300905,1.755678813316501,1.9373074286446337,1.889520463877977,1.7192021524267023,1.7276357580137942,1.7392764737306539,1.6426701353244872,1.4585806524687117,1.569553903150487,1.4618100204366435,1.2534524365103958,1.4069354248342267,1.2701712292718716,1.3677663115733627,1.1330602626097748,1.1619750255195385,1.0683224210984157,1.0860797129495994,0.9277305375300743,0.9589484019749218,0.766543919388814,0.8582881609976319,0.7773256246985327,0.658319271396984,0.6435841988477861,0.6224135436819755,0.5806406964139486,0.6009919410277921,0.6191567541706274,0.5317256982863223,0.5120482653511611,0.5203127563586639,0.49734806521435104,0.5453965304264543,0.5030030345194726,0.5133350039847953,0.5628495286932298,0.5191518297057808,0.5297116630084318,0.4835708151968389,0.5570344626705249,0.4985448621603079,0.47457035069033165,0.5153607995606405,0.5342732211668352,0.4872413287890617,0.5158054839966997,0.4796159045658789,0.5133404617471584,0.46542792129996485,0.4667127775150314,0.5008768463108693,0.4806125560407091,0.46873284537076454,0.4774005254907175,0.5080386350387888,0.4780786657296071,0.49051122367203015,0.48562496985073594,0.4778728776936252,0.4544141462740125,0.47793740702905146,0.4626133628700904,0.4561930405177668,0.5003442799976845,0.4302892444836024,0.46251388098501794,0.4525008381374517,0.46985714373221943,0.4657405245752767,0.4710408233710827,0.45086192308272693,0.47065109220039075,0.45307421498805645,0.457363230868587,0.4475835182111954,0.4111113969870208,0.429971698559506,0.4116755216355826,0.45996168277619137,0.42157669059141456,0.4367356867541187,0.42400179016644196,0.43989434181004233,0.40890909349111526,0.3960482907232439,0.4234112687141017,0.4410686568772786
40,0.8181318274152815,0.7408767892166624,3.1753200102518595,2.257733818136105,1.7996228765472286,2.4285232022991186,2.5697029459139458,2.026377953592431,1.7041503087879346,2.2696378046815355,1.9410069728514487,1.8862207779242404,2.042834270559342,2.0796778878249773,1.8727404344322323,1.7529832142163952,1.7900554282701842,1.5445584145190083,1.5834742953060088,1.6144162900523409,1.511153061087812,1.5982150291248935,1.3474011246544653,1.3896929287363546,1.3318023265690992,1.1974413665944477,1.1538402271340793,1.0861672877392512,1.0587437102098392,1.0221431477610945,0.9303598797591787,0.8789153370605111,0.9201496278828116,0.8782043872993542,0.8363043146590802,0.7501363175167781,0.6672396263256257,0.689876951267628,0.6651414531011204,0.6693429816254566,0.5965121801067572,0.6002964937993066,0.5565428889245037,0.5445951426532031,0.5437930227275992,0.5232196474328465,0.5674120900393754,0.501343110219517,0.6102356687670766,0.5181996770882474,0.48251412655642756,0.5006389731910105,0.5148926541564391,0.5069716603735916,0.46359954782649077,0.4977149528888185,0.47565866685660646,0.48051555642986077,0.48130425802015003,0.4712098354509758,0.49982223352291705,0.5009883312375776,0.4823083518597173,0.44585269556748464,0.4513436996951448,0.5070943837322365,0.48439943013145537,0.48177520401607865,0.4745081839460383,0.4539379267107449,0.428412426963701,0.47301596991678846,0.47072593749696495,0.45881651817005104,0.4423911758900679,0.4438747335982562,0.45191059900340547,0.4515742975352602,0.4329972828392899,0.4814000142995336,0.44012690526727166,0.462465675330663,0.4604655163397006,0.429699690962111,0.4676032155581541,0.45194890984583064,0.44982203786512875,0.45496086907896394,0.42829870392892555,0.4544793007608756,0.42591397864039315,0.44589834824032165,0.4130768965914647,0.4272080569437945,0.3945567300120601,0.40178316527671504,0.41401895189282617,0.41354430881328297,0.4214968745193745,0.36956059634941757
41,0.90754055145703,2.304703165519258,2.3959058771381567,2.202402945203878,2.7228057874345186,2.5422910275256263,2.728858460581364,2.189104724961001,1.924210027169707,1.9375316006744763,2.0580718899283306,2.1427448586279514,2.0273051593049565,1.9677197455537336,1.9905653179321734,1.9508427683546987,1.7345682718988242,1.788176915280056,1.8514660179438653,1.8036263292383146,1.5337273606724047,1.469290935280596,1.4287234427342737,1.3609421486178113,1.2204252622681122,1.3425362885100276,1.2265807202040568,1.1961716967295897,1.084616116093905,1.0267939375173762,1.0878058823982613,1.009862523061826,0.8999970258628525,0.9082042161286041,0.9439389064005073,0.8085542596816298,0.7295506733288181,0.752815675021726,0.6840239057966608,0.6753794083864817,0.6173459620979082,0.6260553519713347,0.6114138707102522,0.634530917963679,0.5761473126561312,0.5941565943732244,0.5631576107262597,0.568524033320677,0.5054704597984435,0.5449500661217521,0.5570453912783873,0.55435409712896,0.5590133979139256,0.5010494636061373,0.4987982821677694,0.49727012868160925,0.468373355242856,0.485939808340128,0.45498289799214764,0.4806046536721015,0.45681411439746183,0.4788495014907366,0.48762448576241113,0.45791203628297517,0.45097560828469163,0.46275447976302786,0.48020446312813214,0.48279654361842067,0.43911338373949627,0.5053206351135928,0.4734333646041027,0.4558657113706405,0.4548367259830044,0.46295718719738055,0.4436240200463418,0.45849660532849223,0.46063461292385244,0.4525849060228656,0.44874095666107056,0.428978870932014,0.44089951116828047,0.4705233834314489,0.4591580237137941,0.44480578339314886,0.44875317185020147,0.45406748480311215,0.44834024398797145,0.42970842952668226,0.4374309921428964,0.436958613659629,0.469943519229798,0.4050777137856873,0.43977789784000826,0.4259012506345978,0.45303698189672376,0.40388136319494056,0.4348415141958277,0.4387946866221195,0.45697964234798855,0.40479616699786086
42,0.6163917383675167,1.2924736415039428,1.605115641584863,3.1765559834463915,2.2620490843388183,2.3370302439199935,2.6408708807779075,1.8338143895678927,2.555104954861963,2.1782739640322677,2.3692575062175156,2.362809219499017,2.073531315800088,2.0443955121372346,1.9774783231813788,1.5908827509943455,1.8893144296595474,1.747864222054573,1.7611199268916393,1.6343485461694252,1.7284689256700325,1.6063738287205118,1.5518695084834475,1.4923477161621028,1.5309335125627728,1.6571226575962341,1.3236941388420222,1.3323868088412354,1.0678881062965218,1.0601546648751285,1.0234015925937472,1.0700862608407242,0.9229010233235532,0.9252439428266269,0.8521568502954112,0.8466312518349195,0.8517020595443501,0.8169295226723217,0.7236855000877467,0.7245064358769501,0.6644278023777209,0.648632044504788,0.6262427934548832,0.6118890017003186,0.6746118417544921,0.6051892769664938,0.5862223066593206,0.535802748970609,0.5920318246172271,0.5526579522859508,0.5643253936422638,0.5470189478117807,0.5365640175425427,0.5194186007644727,0.5161823521627212,0.5158393113722192,0.5057161170648721,0.49900057021532895,0.4810654155863689,0.4676634891728288,0.5042951376731827,0.4854621050161595,0.4757002756155118,0.490919329812631,0.4565999634476282,0.4792368174727665,0.46438244148361596,0.46295092144739663,0.4533400941993593,0.4813989636574429,0.48650332761604786,0.4703659817684845,0.48269032448921984,0.4503026793850094,0.4652446481936495,0.44875573860774287,0.46636065204772403,0.46980102636813176,0.4596908293664118,0.4655901896387281,0.43308945900356355,0.4652121979496842,0.4412897016440881,0.4547105067436266,0.4409001174099036,0.4484543405243106,0.43844780470662015,0.4574429111005061,0.4492104453976523,0.4366923124372356,0.43130386543912297,0.4310885022699414,0.4606371087739518,0.4199841619811768,0.4213573510296433,0.42471550253372464,0.42603394857978977,0.4151218291219663,0.4198446388564565,0.4078054655825736
43,0.6245981108764928,2.056592728721073,2.032336146544523,2.3565895663520324,2.919311027141047,2.28606359527769,2.880233574774196,2.0145468201028613,2.4983091593498137,1.8470792202934363,2.209225904536838,2.40383026415829,2.174785982830121,1.8987386683622065,2.139609041891068,1.95279126178424,1.6996365376494933,1.8013643916934257,2.0098370868889357,1.8507327173475265,1.606897021013824,1.6572629163233998,1.6661248839921006,1.537239877279455,1.5185562524177398,1.2831473922304828,1.5256414927217257,1.31734827300925,1.2411367125160864,1.2851828734225936,1.3366908367267683,0.9958724078724949,1.030687666680726,0.9242415047047483,0.9450258101275364,0.8633076689627934,0.8437084554575943,0.7409744985138276,0.8405894311436933,0.7857324989387388,0.7806683805411003,0.6812299603310574,0.758807508335822,0.6096781577667111,0.5949404908892846,0.5919546758519496,0.5438710948593686,0.5633771385351639,0.5621203768701322,0.6438473239739713,0.5663825841189571,0.5317045094572581,0.5914255775222079,0.564979287259339,0.5001714320457776,0.5074188150552738,0.5307529862267096,0.5143047172525862,0.5235662035005869,0.5008825170089592,0.49708335319201524,0.5234193875692461,0.500361015888057,0.45616853394728674,0.520668318007248,0.46335761317343443,0.4887924816569882,0.4879408877180724,0.4841306982831539,0.45580511153924286,0.47311728200096603,0.49121763219126263,0.4679349674975672,0.4993430734112454,0.45771594923289394,0.4750364788323915,0.4582014104472623,0.48034160170227413,0.44879546876556536,0.44368331186325277,0.46046505325742415,0.44297075550494236,0.46768815358624644,0.4357906432965213,0.4662441311927033,0.41937097260130723,0.45838082897243493,0.4410058765103461,0.4514979348007139,0.45469196767044556,0.45252100346297214,0.42236057150808,0.43734619312881406,0.45381972934731096,0.4025039423244683,0.42575167237126915,0.43125574751901513,0.42506880829820237,0.4153349772247645,0.42649051056580745
44,0.6533112562185976,0.7700427870695474,3.482993336431583,1.3526206814586403,3.0802202795366167,3.232137164528133,2.3386980304508027,2.2540968157987704,2.4407630865099037,2.3894843451500125,2.3237819645376634,1.8760685257640999,1.9336188372795962,1.7473596853637186,1.8844825626493173,1.9753152184362899,1.9109131770128576,1.7647554045854543,1.8994208875265375,1.6293240239192934,1.5963578140712522,1.6943870721417174,1.9425490144182003,1.5303858282655594,1.5452140655974498,1.4389739376442647,1.3016321327176865,1.336475409939435,1.3198490234152158,1.1977653292243085,1.0857284587333798,1.0563591540142505,1.0247474729633583,0.9095495448630123,1.1501594328584968,0.8696801398400912,0.8282903191938541,0.8155030124492185,0.8052590174712678,0.752965545800939,0.7244543497638706,0.7219818634391781,0.6277885141775154,0.6663247421242815,0.6923666125996069,0.5970842603095382,0.558984330588951,0.5526845360967385,0.6009195109810357,0.5817738618144372,0.5804200907898074,0.5414524325444743,0.5561980583901585,0.5232101044983961,0.5424378808861962,0.5134421653175161,0.5458820577413808,0.5111642593928856,0.5492874696172481,0.5550218074890249,0.4977509056094952,0.49162664544007795,0.5086437833590358,0.5056732110988327,0.47679838197973295,0.500782275550926,0.4693892361411739,0.5066526475780337,0.48013737100836634,0.51012104491654,0.4681123436878781,0.48342294065669605,0.48048720625576546,0.46954242010246927,0.48337248687008744,0.47840115175842557,0.45998319991920067,0.4437709863548514,0.4525112657085547,0.44948606172221284,0.44941635192207996,0.44500947807075464,0.4561647702221932,0.4646596795195911,0.4120858702668108,0.46409801130197775,0.46077570675001345,0.44344270980404477,0.45711675972520616,0.4379322230837096,0.44297988526575455,0.4340358150715521,0.45291984684055636,0.4220834363646304,0.4287334413280133,0.39812996642761533,0.4319022871947367,0.4180132027369316,0.43312881640410367,0.4084732142556457
45,0.949253164087487,2.53010767280825,2.1075808673090193,2.453046677806757,2.427870010502988,2.1027276688710432,2.405205358314398,2.510147733717172,2.227540633649276,2.4585519741573854,2.455367277256055,2.134480701633046,2.021655399561105,1.9435298702340449,1.7666827363313136,2.0031432036236927,1.9225470463029697,1.8723164085518686,1.7353520464474337,1.8891832454934068,1.8995519764399544,1.6775277230452665,1.836246874318083,1.579273423776376,1.4685176793042964,1.545933441658406,1.4994545254497051,1.2863310302807014,1.4363380443363825,1.306656337492394,1.1098525275417812,1.2100935570979214,1.1009792974569501,1.1467021365581587,0.9522348354448875,0.9849659339764898,0.8701214355351613,0.9178584866844253,0.8671513436154598,0.8358380500154227,0.8153789154908312,0.7196888036211518,0.7149320834281186,0.6969261737694215,0.6501734854785305,0.6035475049273612,0.6389051574615093,0.5682324040348438,0.6134693416896471,0.5315497209583036,0.530470026617025,0.5576415039098058,0.5625681491063267,0.6090650958148139,0.5293401478533771,0.5219038324441002,0.5108145685832061,0.5112352325276274,0.479610468688989,0.4836939184529904,0.49694140348194615,0.4863758363756934,0.4960587726236196,0.5152991967676136,0.4748712641730043,0.5030711120804112,0.48150710677899555,0.4684129782325262,0.45991255716790475,0.47447470706162853,0.4587433301565349,0.4788284778192599,0.4730848144731853,0.46586237195085345,0.4539868170610813,0.46192455715239183,0.4646386468090685,0.45660484594413653,0.4622545357647943,0.45968954184522326,0.45430939542689597,0.4593551209827754,0.44565847934909103,0.45331937979577436,0.4899602952957697,0.45063067778973237,0.4359828471256783,0.45707251569697227,0.43755777605672114,0.41513328956294593,0.46195713425810464,0.4325123802765904,0.43623612370190157,0.4139261057047874,0.4332015301673728,0.43688238183619243,0.4443884295550322,0.4391026960023697,0.4352820953176142,0.41999793182096645
46,0.830635648509185,2.5041704329085888,3.0870047791391637,2.01130907116883,1.8433700532634403,1.6542098616054945,1.529879375388818,2.4989634952949733,2.212402696700801,2.0517104132667296,2.313867168518677,1.869408576789368,2.0197979132629458,1.9850935724184529,1.7743652382299298,1.9189671305096028,1.953651688502197,1.9796201384932903,1.8816508617456293,1.9140643585729358,1.7402759251075743,1.6385905578007638,1.5371855875759344,1.6932250817878798,1.5001506203042203,1.4469286564007457,1.475897860913976,1.4566008968403013,1.5459245330545062,1.2354157075783931,1.2242880928146087,1.1755676569499698,1.1422233922405272,1.083401551311469,1.0215400275070403,0.9583359419812323,0.9863200777441832,0.9957551171577862,0.8695136680129064,0.8726094956650191,0.8072318595491332,0.7763648349923771,0.7593306805617739,0.7699601892610278,0.7402067985800258,0.6109602149769303,0.61713483216732,0.5771465441662594,0.5444136288753857,0.607578373764661,0.552083811156949,0.5397047043912304,0.5548639095180413,0.5211375509769993,0.5291122209136936,0.5108316731450044,0.5013685623963661,0.5480655808162164,0.5002582329737547,0.48865232784376744,0.5659181801765737,0.4956287048317247,0.4654385677437046,0.4667011167149981,0.5022566790907811,0.47734037984507605,0.46350544177806907,0.4737448447731477,0.45125489838691857,0.477178640162027,0.4730996366630396,0.46696546196599553,0.46265380378881094,0.48662961224051504,0.48711191783368585,0.4803584022778552,0.47641410543061075,0.4699112213164906,0.46797698014040295,0.4752456258952954,0.4741197092076957,0.4796242284632593,0.4479279572922495,0.4513088708263366,0.4423485930619425,0.420457984686308,0.4773672777847981,0.42813569097863274,0.4351589790232935,0.434094951433449,0.44750276577814874,0.43173435112407266,0.4395141495410182,0.45286386412181445,0.4527009258059085,0.4314185111585382,0.4378105962463389,0.42515824483729586,0.4201287470702662,0.417317430574836
47,2.8658802532051193,3.9496353438945166,2.9947427733051146,2.578763669694772,1.7908583357798058,2.187123934032038,1.904869175554207,2.7867567458358002,2.295844480386637,1.8817459691802305,2.6037119357550176,2.185232538924768,2.509778518276026,1.492091237359779,1.7679804047753267,2.0839804487716553,1.689747533362318,2.007234387583636,1.8915750598361218,1.8038583050831818,1.7755085276600744,1.7458332238488483,1.6300425454409775,1.5851674974664303,1.929484027353539,1.5094057002179126,1.6258271238729136,1.6228445061075825,1.4428368534768552,1.3498712042642018,1.2971304349374781,1.2170398537733869,1.0772025567308992,1.0657183328599225,1.4925092717192716,1.0375562608607685,0.8615561381776374,0.8851116851713351,0.8771106020583452,0.8413668447955216,0.8202522353889566,0.7946807253220018,0.7354289043696308,0.7786942323527013,0.6207547545781529,0.6329094302266411,0.6009584591702694,0.6006951721991057,0.5867201129063001,0.571517485145058,0.5723371750961159,0.5176885066952684,0.5681673809490266,0.5210824420216658,0.5197990210047163,0.549354686793049,0.5095907438607159,0.4997821687194381,0.5040828383230772,0.478849205053757,0.5091681113708393,0.49515577541483974,0.47850329527597085,0.48961673745420004,0.46583328813569624,0.4668172441372766,0.49867573733581355,0.44731410110351505,0.4820582656701115,0.44849614223787576,0.46072744646549935,0.4587592075898754,0.45060377517554917,0.44344900698686984,0.45380745958582286,0.4710375511432115,0.45052506268110903,0.4594654439346965,0.45400646407780326,0.44417593378722264,0.46495850837784247,0.4397731132108562,0.4722984708898419,0.4168770303578517,0.4443565642389356,0.46949953117361437,0.46098776310445044,0.44727822020229924,0.4056311849272841,0.44588967898975873,0.4293629145389251,0.44769692947904055,0.45066479522050784,0.43719501673815514,0.4270947660859816,0.4370994975945789,0.4167628322718987,0.40902223618998795,0.44708095338866477,0.4391553495783
48,0.8463436360673143,1.5482916368503385,1.6671104356462738,2.15678794715758,2.3736171437139895,2.3851293361630574,1.8223249577035172,2.3292047226142283,2.1269534552967433,2.2428011912306207,2.46743529515258,1.95048422084964,2.0895180163704516,1.9703225852723583,1.9920058017653965,2.0653948195727465,1.711692263916435,1.9267430298592028,1.652600512637298,1.8107085824677431,1.7560836057419564,1.8634954894229039,1.64870587525266,1.6609497375282385,1.6324500753448024,1.5666943360007173,1.6692430123642914,1.4497354392342008,1.5197635569511723,1.377638047971309,1.2020076893875422,1.2972147025434755,1.377612529791185,1.2361549894136417,1.067180845634124,1.0996528298350516,1.140166020093122,1.0086368213372712,0.9300325486683656,0.8181384805579687,0.9034715901074748,0.8310173715014119,0.8127260330288166,0.7689066118649871,0.7433489917133553,0.6907257866679081,0.6506580987480718,0.7386735290022699,0.6055958856458602,0.5828182317911794,0.6042309342518626,0.6058473091662121,0.5306146388960928,0.5449581724505786,0.5219024119889427,0.5215960119730131,0.5050319176747767,0.5469808245151787,0.5228214225040022,0.4763588491050365,0.48284475022375123,0.4891138222023228,0.505224220505526,0.4946863906595299,0.47783457184745703,0.47599121536774064,0.4635037806730117,0.5215323915298875,0.481589138140951,0.46056149102296584,0.4693409842360869,0.45859900343022614,0.4559583902757092,0.46451485095419853,0.4874674996252507,0.46636552934431563,0.446788647087169,0.48081541551685675,0.44894908117391885,0.4590916062122984,0.43019589561074395,0.4385426631262242,0.4629648222300424,0.42338093460052467,0.45076843465572414,0.43148650748072276,0.45589630894476674,0.4438482515630456,0.4390230993643896,0.4292792338159465,0.42032808474257505,0.42512401818249257,0.462334293786617,0.44742029975054715,0.41887591014466735,0.40954533452279246,0.43346822501972876,0.42933897981484986,0.4151632077683577,0.42721371660259233
49,0.6656458052961666,1.2786463819321854,2.622015420248852,2.1079005724351876,1.3456405524666248,1.9113071599863176,2.29158062507138,2.666105226131717,2.5567135922360875,2.325571518774689,2.2246997202664134,2.1622640325125384,2.0681128356456826,1.980255619365978,2.051628503316486,1.929720487206996,2.0203732650211834,1.9449512048710635,1.9339810254604728,1.7781684325185185,1.7621185494200644,2.0030905125628724,1.7839452913009566,1.6466139610611845,1.6156672393551252,1.6074915958658709,1.5415033890315197,1.4090555111169054,1.4569955830111456,1.4398488948536454,1.371585999960454,1.273713536871236,1.2129015228366617,1.2584377179378687,1.1958940824725977,0.9674619591230343,1.0411099127493095,0.9560847424652366,0.8821279963206546,0.8577927276076803,0.8801420796288766,0.8024740582191296,0.77723138199332,0.7680680302654032,0.7088561611202562,0.7309375165466262,0.7577065741344488,0.6846981635163378,0.6126467869309262,0.5955156212663909,0.560313731573791,0.6056207960073315,0.5486358247483506,0.5556227750970335,0.5726555702820805,0.5563962478270639,0.5408104170494408,0.5138317625154986,0.5705195606801142,0.47372448237837217,0.4974809711988464,0.4884966565754225,0.4781006534597056,0.46778774991154537,0.47865685293648974,0.4908408489423193,0.4802935384277114,0.45036606503903187,0.48807512260687574,0.47849299469384426,0.46165096169425485,0.5004829407667063,0.4621195147156531,0.473216116642558,0.4463421773244973,0.43592232035425166,0.4606484244467404,0.45463397792529975,0.4520165055979509,0.46188125843704836,0.4683341011126326,0.45360322100776623,0.4826508434082304,0.4370769148049828,0.4430638289986927,0.42943279729058204,0.43878935417921555,0.4514802728732606,0.4633740854951121,0.4492408369151767,0.4412647913852615,0.4004598771697744,0.43412432126191547,0.4533127332604154,0.4236994610823743,0.42371108359757875,0.42977877755617166,0.4099424875707921,0.40812815583012174,0.4286659765601513
50,1.9518191958149882,0.7437347855468482,1.6657240608459516,3.173047765914793,2.147808593700098,2.833112386852516,1.749681090963843,2.0455987423530937,1.5938236872136904,2.0851542283899076,2.230530127759302,2.3573631315277708,2.5343498856181874,2.250333294356837,1.9292140020633894,2.1920064456052404,1.7781942025035766,1.952292715865967,2.0813445324572175,1.9483544776580386,1.7053179525038729,1.7735625258556944,1.7781300092293248,1.6681412072443806,1.686095776251772,1.5826055079080557,1.5097134725165025,1.5312851875898872,1.51486356335054,1.4226873508044873,1.3596921466348424,1.2274876974128845,1.3095944277573044,1.255595414386414,1.071738032967641,1.0839649548490347,1.1590750581336529,0.9776131533156553,0.9396871038795135,0.9085395041427041,0.9331087463436338,0.8953517974600895,0.8415822706985778,0.8174853575871198,0.7829422233448932,0.7877365449714213,0.741945447974803,0.7516925904584412,0.6070536979056752,0.5987852592215306,0.596309619218758,0.5665507528835247,0.5670273627583264,0.5468806900003991,0.5361472634781116,0.5698686630815117,0.5022162191825925,0.5086060276624912,0.49058202482404195,0.48987099482951085,0.48518167001625434,0.48578064391963793,0.48096192711434765,0.4749180806928023,0.4820022035205396,0.48798591002954955,0.4862467970465499,0.4734182945436694,0.4627990695704614,0.4572982346717626,0.43897949301584804,0.43706090915766793,0.4910700864996967,0.4975260611944834,0.44773872140539256,0.4731207309132896,0.48919688521536175,0.4893518617119353,0.4607347612759451,0.4444440368270739,0.4415438666905313,0.42910989449971093,0.43924932554449747,0.47781727059964624,0.45506835918557936,0.44219246289240366,0.44252660964374385,0.45432397909293337,0.45353337461360904,0.45066374325387426,0.4608998090697971,0.46637951260286986,0.4209790430488389,0.4423656783717825,0.4406460532572643,0.4365918882847153,0.428353871391017,0.43308182960445973,0.42453968676219767,0.43650024747660954
